DROP TABLE FEL_SV_TBL_COD_ERROR_MSG;
CREATE TABLE FEL_SV_TBL_COD_ERROR_MSG (
    ID_COD_ERROR_MSG NUMBER(13,0) NOT NULL ENABLE,
    CODIGO VARCHAR2(5 BYTE) NOT NULL ENABLE,
    VALOR VARCHAR2(200 BYTE) NOT NULL ENABLE,
    VALOR_JDE VARCHAR2(50 BYTE) NOT NULL ENABLE,
    CONSTRAINT PK_FEL_SV_TBL_COD_ERROR_MSG PRIMARY KEY (ID_COD_ERROR_MSG) ENABLE
);
INSERT INTO FEL_SV_TBL_COD_ERROR_MSG (ID_COD_ERROR_MSG, CODIGO, VALOR, VALOR_JDE) VALUES (1, '001', 'DTE Recibido, Validado y Procesado.', '-');
INSERT INTO FEL_SV_TBL_COD_ERROR_MSG (ID_COD_ERROR_MSG, CODIGO, VALOR, VALOR_JDE) VALUES (2, '099', 'firma: Firma Electrónica no es valida.', '-');
INSERT INTO FEL_SV_TBL_COD_ERROR_MSG (ID_COD_ERROR_MSG, CODIGO, VALOR, VALOR_JDE) VALUES (3, '100', 'Error JSON Schema: {0}.', '-');
INSERT INTO FEL_SV_TBL_COD_ERROR_MSG (ID_COD_ERROR_MSG, CODIGO, VALOR, VALOR_JDE) VALUES (4, '101', 'identificacion.ambiente: Ambiente erróneo, documento no puede ser procesado en este ambiente.', '-');
INSERT INTO FEL_SV_TBL_COD_ERROR_MSG (ID_COD_ERROR_MSG, CODIGO, VALOR, VALOR_JDE) VALUES (5, '102', 'identificacion.tipoDte: Tipo documento no valido.', '-');
INSERT INTO FEL_SV_TBL_COD_ERROR_MSG (ID_COD_ERROR_MSG, CODIGO, VALOR, VALOR_JDE) VALUES (6, '103', 'emisor.nit: NIT no corresponde al usuario autenticado.', '-');
INSERT INTO FEL_SV_TBL_COD_ERROR_MSG (ID_COD_ERROR_MSG, CODIGO, VALOR, VALOR_JDE) VALUES (7, '104', 'emisor.nit/receptor.nit: NIT Receptor no debe ser igual al NIT Emisor.', '-');
INSERT INTO FEL_SV_TBL_COD_ERROR_MSG (ID_COD_ERROR_MSG, CODIGO, VALOR, VALOR_JDE) VALUES (8, '105', 'ventaTercero.nit: NIT Venta de Tercero no debe ser igual al NIT Emisor/Receptor.', '-');
INSERT INTO FEL_SV_TBL_COD_ERROR_MSG (ID_COD_ERROR_MSG, CODIGO, VALOR, VALOR_JDE) VALUES (9, '106', 'identificacion.codigoGeneracion: Código de Generación ya existe.', '-');
INSERT INTO FEL_SV_TBL_COD_ERROR_MSG (ID_COD_ERROR_MSG, CODIGO, VALOR, VALOR_JDE) VALUES (10, '107', 'identificacion.numeroControl: Numero de control ya existe.', '-');
INSERT INTO FEL_SV_TBL_COD_ERROR_MSG (ID_COD_ERROR_MSG, CODIGO, VALOR, VALOR_JDE) VALUES (11, '108', 'identificacion.tipoContingencia: Debe ingresar el tipo de contingencia.', '-');
INSERT INTO FEL_SV_TBL_COD_ERROR_MSG (ID_COD_ERROR_MSG, CODIGO, VALOR, VALOR_JDE) VALUES (12, '109', 'identificacion.motivoContin: Debe ingresar el motivo de contingencia.', '-');
INSERT INTO FEL_SV_TBL_COD_ERROR_MSG (ID_COD_ERROR_MSG, CODIGO, VALOR, VALOR_JDE) VALUES (13, '201', 'documentoRelacionado.codigoGeneracion: Código de Generación es requerido.', '-');
INSERT INTO FEL_SV_TBL_COD_ERROR_MSG (ID_COD_ERROR_MSG, CODIGO, VALOR, VALOR_JDE) VALUES (14, '202', 'documentoRelacionado.codigoGeneracion: Código de Generación no existe.', '-');
INSERT INTO FEL_SV_TBL_COD_ERROR_MSG (ID_COD_ERROR_MSG, CODIGO, VALOR, VALOR_JDE) VALUES (15, '203', 'resumen.montoTotalOperacion: Monto de operación es mayor al del documento relacionado.', '-');
INSERT INTO FEL_SV_TBL_COD_ERROR_MSG (ID_COD_ERROR_MSG, CODIGO, VALOR, VALOR_JDE) VALUES (16, '204', 'documentoRelacionado.fechaEmision: Fecha de documento no es correcta.', '-');
INSERT INTO FEL_SV_TBL_COD_ERROR_MSG (ID_COD_ERROR_MSG, CODIGO, VALOR, VALOR_JDE) VALUES (17, '205', 'documentoRelacionado.numeroCorrelativo: Numero Correlativo de documento fisico es requerido.', '-');
INSERT INTO FEL_SV_TBL_COD_ERROR_MSG (ID_COD_ERROR_MSG, CODIGO, VALOR, VALOR_JDE) VALUES (18, '301', 'emisor.nit: NIT Contribuyente no existe.', '-');
INSERT INTO FEL_SV_TBL_COD_ERROR_MSG (ID_COD_ERROR_MSG, CODIGO, VALOR, VALOR_JDE) VALUES (19, '302', 'emisor.nit: Contribuyente no se encuentra activo.', '-');
INSERT INTO FEL_SV_TBL_COD_ERROR_MSG (ID_COD_ERROR_MSG, CODIGO, VALOR, VALOR_JDE) VALUES (20, '303', 'emisor.nit: No es Contribuyente de IVA.', '-');
INSERT INTO FEL_SV_TBL_COD_ERROR_MSG (ID_COD_ERROR_MSG, CODIGO, VALOR, VALOR_JDE) VALUES (21, '304', 'emisor.nrc: NRC no corresponde a Contribuyente.', '-');
INSERT INTO FEL_SV_TBL_COD_ERROR_MSG (ID_COD_ERROR_MSG, CODIGO, VALOR, VALOR_JDE) VALUES (22, '305', 'emisor.numFacturador: Contribuyente no está registrado como Facturador Electronico.', '-');
INSERT INTO FEL_SV_TBL_COD_ERROR_MSG (ID_COD_ERROR_MSG, CODIGO, VALOR, VALOR_JDE) VALUES (23, '306', 'emisor.numFacturador: Numero de Facturador no corresponde a Contribuyente.', '-');
INSERT INTO FEL_SV_TBL_COD_ERROR_MSG (ID_COD_ERROR_MSG, CODIGO, VALOR, VALOR_JDE) VALUES (24, '307', 'emisor.categoria: Categoría no corresponde a Contribuyente.', '-');
INSERT INTO FEL_SV_TBL_COD_ERROR_MSG (ID_COD_ERROR_MSG, CODIGO, VALOR, VALOR_JDE) VALUES (25, '308', 'emisor.direccion.departamento: Código de departamento no corresponde a Contribuyente.', '-');
INSERT INTO FEL_SV_TBL_COD_ERROR_MSG (ID_COD_ERROR_MSG, CODIGO, VALOR, VALOR_JDE) VALUES (26, '309', 'emisor.direccion.municipio: Código de municipio no corresponde a Contribuyente.', '-');
INSERT INTO FEL_SV_TBL_COD_ERROR_MSG (ID_COD_ERROR_MSG, CODIGO, VALOR, VALOR_JDE) VALUES (27, '310', 'emisor.sucursal: Información de Sucursal es requerido.', '-');
INSERT INTO FEL_SV_TBL_COD_ERROR_MSG (ID_COD_ERROR_MSG, CODIGO, VALOR, VALOR_JDE) VALUES (28, '311', 'emisor.actividad1: Actividad no corresponde a contribuyente.', '-');
INSERT INTO FEL_SV_TBL_COD_ERROR_MSG (ID_COD_ERROR_MSG, CODIGO, VALOR, VALOR_JDE) VALUES (29, '312', 'emisor.actividad2: Actividad no corresponde a contribuyente.', '-');
INSERT INTO FEL_SV_TBL_COD_ERROR_MSG (ID_COD_ERROR_MSG, CODIGO, VALOR, VALOR_JDE) VALUES (30, '401', 'receptor.nit: NIT Contribuyente no existe.', '-');
INSERT INTO FEL_SV_TBL_COD_ERROR_MSG (ID_COD_ERROR_MSG, CODIGO, VALOR, VALOR_JDE) VALUES (31, '402', 'receptor.nit: Contribuyente no se encuentra activo.', '-');
INSERT INTO FEL_SV_TBL_COD_ERROR_MSG (ID_COD_ERROR_MSG, CODIGO, VALOR, VALOR_JDE) VALUES (32, '403', 'receptor.nit: No es Contribuyente de IVA.', '-');
INSERT INTO FEL_SV_TBL_COD_ERROR_MSG (ID_COD_ERROR_MSG, CODIGO, VALOR, VALOR_JDE) VALUES (33, '404', 'receptor.nrc: NRC no corresponde a Contribuyente.', '-');
INSERT INTO FEL_SV_TBL_COD_ERROR_MSG (ID_COD_ERROR_MSG, CODIGO, VALOR, VALOR_JDE) VALUES (34, '405', 'receptor.categoria: Categoria no corresponde a Contribuyente.', '-');
INSERT INTO FEL_SV_TBL_COD_ERROR_MSG (ID_COD_ERROR_MSG, CODIGO, VALOR, VALOR_JDE) VALUES (35, '406', 'receptor.numFacturador: Numero de Facturador no corresponde a Contribuyente.', '-');
INSERT INTO FEL_SV_TBL_COD_ERROR_MSG (ID_COD_ERROR_MSG, CODIGO, VALOR, VALOR_JDE) VALUES (36, '407', 'receptor.direccion.departamento: Codigo de departamento no exite.', '-');
INSERT INTO FEL_SV_TBL_COD_ERROR_MSG (ID_COD_ERROR_MSG, CODIGO, VALOR, VALOR_JDE) VALUES (37, '408', 'receptor.direccion.municipio: Codigo de municipio no corresponde a departamento o no existe.', '-');
INSERT INTO FEL_SV_TBL_COD_ERROR_MSG (ID_COD_ERROR_MSG, CODIGO, VALOR, VALOR_JDE) VALUES (38, '409', 'receptor.actividad: Actividad no corresponde a contribuyente.', '-');
INSERT INTO FEL_SV_TBL_COD_ERROR_MSG (ID_COD_ERROR_MSG, CODIGO, VALOR, VALOR_JDE) VALUES (39, '501', 'cuerpoDocumento.item.#: Debe indicar total por item: Venta No Sujeta o Venta Exanta o Venta Grabada.', '-');
INSERT INTO FEL_SV_TBL_COD_ERROR_MSG (ID_COD_ERROR_MSG, CODIGO, VALOR, VALOR_JDE) VALUES (40, '502', 'cuerpoDocumento.item.#: El cálculo de total por item es erróneo, debe indicar: Venta No Sujeta o Venta Exanta o Venta Grabada.', '-');
INSERT INTO FEL_SV_TBL_COD_ERROR_MSG (ID_COD_ERROR_MSG, CODIGO, VALOR, VALOR_JDE) VALUES (41, '503', 'cuerpoDocumento.item.#.montoDescu: Descuento es mayor que el total del item.', '-');
INSERT INTO FEL_SV_TBL_COD_ERROR_MSG (ID_COD_ERROR_MSG, CODIGO, VALOR, VALOR_JDE) VALUES (42, '504', 'cuerpoDocumento.item.#.ventaExenta: El valor es diferente a la operación (Cantidad x Precio Unitario - Descuento).', '-');
INSERT INTO FEL_SV_TBL_COD_ERROR_MSG (ID_COD_ERROR_MSG, CODIGO, VALOR, VALOR_JDE) VALUES (43, '505', 'cuerpoDocumento.item.#.ventaNoSuj: El valor es diferente a la operación (Cantidad x Precio Unitario - Descuento).', '-');
INSERT INTO FEL_SV_TBL_COD_ERROR_MSG (ID_COD_ERROR_MSG, CODIGO, VALOR, VALOR_JDE) VALUES (44, '506', 'cuerpoDocumento.item.#.ventaGravada: El valor es diferente a la operación (Cantidad x Precio Unitario - Descuento).', '-');
INSERT INTO FEL_SV_TBL_COD_ERROR_MSG (ID_COD_ERROR_MSG, CODIGO, VALOR, VALOR_JDE) VALUES (45, '507', 'resumen.totalExenta: El valor difiere de sumatoria de items.', '-');
INSERT INTO FEL_SV_TBL_COD_ERROR_MSG (ID_COD_ERROR_MSG, CODIGO, VALOR, VALOR_JDE) VALUES (46, '508', 'resumen.totalNoSuj: El valor difiere de sumatoria de items.', '-');
INSERT INTO FEL_SV_TBL_COD_ERROR_MSG (ID_COD_ERROR_MSG, CODIGO, VALOR, VALOR_JDE) VALUES (47, '509', 'resumen.totalGravada: El valor difiere de sumatoria de items.', '-');
INSERT INTO FEL_SV_TBL_COD_ERROR_MSG (ID_COD_ERROR_MSG, CODIGO, VALOR, VALOR_JDE) VALUES (48, '510', 'resumen.subTotalVentas: Calculo incorrecto.', '-');
INSERT INTO FEL_SV_TBL_COD_ERROR_MSG (ID_COD_ERROR_MSG, CODIGO, VALOR, VALOR_JDE) VALUES (49, '511', 'resumen.descuento: No puede ser igual o mayor al sub-total de ventas.', '-');
INSERT INTO FEL_SV_TBL_COD_ERROR_MSG (ID_COD_ERROR_MSG, CODIGO, VALOR, VALOR_JDE) VALUES (50, '512', 'resumen.totalIva: Calculo incorrecto.', '-');
INSERT INTO FEL_SV_TBL_COD_ERROR_MSG (ID_COD_ERROR_MSG, CODIGO, VALOR, VALOR_JDE) VALUES (51, '513', 'resumen.subTotal: Calculo incorrecto.', '-');
INSERT INTO FEL_SV_TBL_COD_ERROR_MSG (ID_COD_ERROR_MSG, CODIGO, VALOR, VALOR_JDE) VALUES (52, '514', 'resumen.ivaRete1: Debe proporcionar el Retención IVA 1%.', '-');
INSERT INTO FEL_SV_TBL_COD_ERROR_MSG (ID_COD_ERROR_MSG, CODIGO, VALOR, VALOR_JDE) VALUES (53, '515', 'resumen.ivaRete1: No Aplica Retención IVA 1%.', '-');
INSERT INTO FEL_SV_TBL_COD_ERROR_MSG (ID_COD_ERROR_MSG, CODIGO, VALOR, VALOR_JDE) VALUES (54, '516', 'resumen.ivaRete1: Calculo incorrecto.', '-');
INSERT INTO FEL_SV_TBL_COD_ERROR_MSG (ID_COD_ERROR_MSG, CODIGO, VALOR, VALOR_JDE) VALUES (55, '517', 'resumen.ivaPerci1: Debe proporcionar el IVA Percibido 1%.', '-');
INSERT INTO FEL_SV_TBL_COD_ERROR_MSG (ID_COD_ERROR_MSG, CODIGO, VALOR, VALOR_JDE) VALUES (56, '518', 'resumen.ivaPerci1: No Aplica IVA Percibido 1%.', '-');
INSERT INTO FEL_SV_TBL_COD_ERROR_MSG (ID_COD_ERROR_MSG, CODIGO, VALOR, VALOR_JDE) VALUES (57, '519', 'resumen.ivaPerci1: Calculo incorrecto.', '-');
INSERT INTO FEL_SV_TBL_COD_ERROR_MSG (ID_COD_ERROR_MSG, CODIGO, VALOR, VALOR_JDE) VALUES (58, '520', 'resumen.ivaRete1: No Aplica Retención IVA 1%.', '-');
INSERT INTO FEL_SV_TBL_COD_ERROR_MSG (ID_COD_ERROR_MSG, CODIGO, VALOR, VALOR_JDE) VALUES (59, '521', 'resumen.ivaPerci1: No Aplica IVA Percibido 1%.', '-');
INSERT INTO FEL_SV_TBL_COD_ERROR_MSG (ID_COD_ERROR_MSG, CODIGO, VALOR, VALOR_JDE) VALUES (60, '522', 'resumen.montoTotalOperacion: Calculo incorrecto.', '-');
INSERT INTO FEL_SV_TBL_COD_ERROR_MSG (ID_COD_ERROR_MSG, CODIGO, VALOR, VALOR_JDE) VALUES (61, '523', 'resumen.totalPagar: Calculo incorrecto.', '-');
INSERT INTO FEL_SV_TBL_COD_ERROR_MSG (ID_COD_ERROR_MSG, CODIGO, VALOR, VALOR_JDE) VALUES (62, '601', 'apendice.nombEntrega: Campo es requerido.', '-');
INSERT INTO FEL_SV_TBL_COD_ERROR_MSG (ID_COD_ERROR_MSG, CODIGO, VALOR, VALOR_JDE) VALUES (63, '602', 'apendice.docuEntrega: Campo es requerido.', '-');
INSERT INTO FEL_SV_TBL_COD_ERROR_MSG (ID_COD_ERROR_MSG, CODIGO, VALOR, VALOR_JDE) VALUES (64, '603', 'apendice.nombRecibe: Campo es requerido.', '-');
INSERT INTO FEL_SV_TBL_COD_ERROR_MSG (ID_COD_ERROR_MSG, CODIGO, VALOR, VALOR_JDE) VALUES (65, '604', 'apendice.docuEntrega: Campo es requerido.', '-');
INSERT INTO FEL_SV_TBL_COD_ERROR_MSG (ID_COD_ERROR_MSG, CODIGO, VALOR, VALOR_JDE) VALUES (66, '701', 'ventaTercero.nit: NIT Contribuyente no existe.', '-');
INSERT INTO FEL_SV_TBL_COD_ERROR_MSG (ID_COD_ERROR_MSG, CODIGO, VALOR, VALOR_JDE) VALUES (67, '702', 'ventaTercero.nit: Contribuyente no se encuentra activo.', '-');
INSERT INTO FEL_SV_TBL_COD_ERROR_MSG (ID_COD_ERROR_MSG, CODIGO, VALOR, VALOR_JDE) VALUES (68, '703', 'ventaTercero.nit: No es Contribuyente de IVA.', '-');
INSERT INTO FEL_SV_TBL_COD_ERROR_MSG (ID_COD_ERROR_MSG, CODIGO, VALOR, VALOR_JDE) VALUES (69, '991', 'No se ha proporcionado los datos a procesar.', '-');
INSERT INTO FEL_SV_TBL_COD_ERROR_MSG (ID_COD_ERROR_MSG, CODIGO, VALOR, VALOR_JDE) VALUES (70, '997', 'Error de conexión interna.', '-');
INSERT INTO FEL_SV_TBL_COD_ERROR_MSG (ID_COD_ERROR_MSG, CODIGO, VALOR, VALOR_JDE) VALUES (71, '998', 'Formato de JSON es erróneo.', '-');
INSERT INTO FEL_SV_TBL_COD_ERROR_MSG (ID_COD_ERROR_MSG, CODIGO, VALOR, VALOR_JDE) VALUES (72, '999', 'Error general no catalogado.', '-');
COMMIT;
SELECT F.* FROM FEL_SV_TBL_COD_ERROR_MSG F;


DROP TABLE FEL_SV_TBL_AMBIENTE_DESTINO;
CREATE TABLE FEL_SV_TBL_AMBIENTE_DESTINO (
    ID_AMBIENTE_DESTINO NUMBER(13,0) NOT NULL ENABLE,
    CODIGO VARCHAR2(5 BYTE) NOT NULL ENABLE,
    VALOR VARCHAR2(200 BYTE) NOT NULL ENABLE,
    VALOR_JDE VARCHAR2(50 BYTE) NOT NULL ENABLE,
    CONSTRAINT PK_FEL_SV_TBL_AMBIENTE_DESTINO PRIMARY KEY (ID_AMBIENTE_DESTINO) ENABLE
);
INSERT INTO FEL_SV_TBL_AMBIENTE_DESTINO (ID_AMBIENTE_DESTINO, CODIGO, VALOR, VALOR_JDE) VALUES (1, '00', 'Modo Prueba', '-');
INSERT INTO FEL_SV_TBL_AMBIENTE_DESTINO (ID_AMBIENTE_DESTINO, CODIGO, VALOR, VALOR_JDE) VALUES (2, '01', 'Modo Producción', '-');
COMMIT;
SELECT F.* FROM FEL_SV_TBL_AMBIENTE_DESTINO F;


DROP TABLE FEL_SV_TBL_TIPO_DOCUMENTO;
CREATE TABLE FEL_SV_TBL_TIPO_DOCUMENTO (
    ID_TIPO_DOCUMENTO NUMBER(13,0) NOT NULL ENABLE,
    CODIGO VARCHAR2(5 BYTE) NOT NULL ENABLE,
    VALOR VARCHAR2(200 BYTE) NOT NULL ENABLE,
    VALOR_JDE VARCHAR2(50 BYTE) NOT NULL ENABLE,
    CONSTRAINT PK_FEL_SV_TBL_TIPO_DOCUMENTO PRIMARY KEY (ID_TIPO_DOCUMENTO) ENABLE
);
INSERT INTO FEL_SV_TBL_TIPO_DOCUMENTO (ID_TIPO_DOCUMENTO, CODIGO, VALOR, VALOR_JDE) VALUES (1, '01', 'COMPROBANTE DE CREDITO FISCAL', 'S3');
INSERT INTO FEL_SV_TBL_TIPO_DOCUMENTO (ID_TIPO_DOCUMENTO, CODIGO, VALOR, VALOR_JDE) VALUES (2, '02', 'NOTA DE CREDITO', 'C3');
INSERT INTO FEL_SV_TBL_TIPO_DOCUMENTO (ID_TIPO_DOCUMENTO, CODIGO, VALOR, VALOR_JDE) VALUES (3, '03', 'NOTA DE DEBITO', 'SD');
INSERT INTO FEL_SV_TBL_TIPO_DOCUMENTO (ID_TIPO_DOCUMENTO, CODIGO, VALOR, VALOR_JDE) VALUES (4, '04', 'NOTA DE REMISION', '-');
INSERT INTO FEL_SV_TBL_TIPO_DOCUMENTO (ID_TIPO_DOCUMENTO, CODIGO, VALOR, VALOR_JDE) VALUES (5, '05', 'COMPROBANTE DE RETENCION', '-');
INSERT INTO FEL_SV_TBL_TIPO_DOCUMENTO (ID_TIPO_DOCUMENTO, CODIGO, VALOR, VALOR_JDE) VALUES (6, '06', 'COMPROBANTE DE LIQUIDACION', '-');
INSERT INTO FEL_SV_TBL_TIPO_DOCUMENTO (ID_TIPO_DOCUMENTO, CODIGO, VALOR, VALOR_JDE) VALUES (7, '07', 'DOCUMENTO CONTABLE DE LIQUIDACION', '-');
INSERT INTO FEL_SV_TBL_TIPO_DOCUMENTO (ID_TIPO_DOCUMENTO, CODIGO, VALOR, VALOR_JDE) VALUES (8, '08', 'FACTURA DE EXPORTACION', '-');
INSERT INTO FEL_SV_TBL_TIPO_DOCUMENTO (ID_TIPO_DOCUMENTO, CODIGO, VALOR, VALOR_JDE) VALUES (9, '09', 'FACTURA CONSUMIDOR FINAL', '-');
INSERT INTO FEL_SV_TBL_TIPO_DOCUMENTO (ID_TIPO_DOCUMENTO, CODIGO, VALOR, VALOR_JDE) VALUES (10, '10', 'FACTURA SUJETO EXCLUIDO', '-');
INSERT INTO FEL_SV_TBL_TIPO_DOCUMENTO (ID_TIPO_DOCUMENTO, CODIGO, VALOR, VALOR_JDE) VALUES (11, '11', 'COMPROBANTE DE DONACION', '-');
INSERT INTO FEL_SV_TBL_TIPO_DOCUMENTO (ID_TIPO_DOCUMENTO, CODIGO, VALOR, VALOR_JDE) VALUES (12, '12', 'TICKET', '-');
COMMIT;
SELECT F.* FROM FEL_SV_TBL_TIPO_DOCUMENTO F;


DROP TABLE FEL_TIPO_DOCUMENTO_RECEPTOR;
CREATE TABLE FEL_TIPO_DOCUMENTO_RECEPTOR (
    ID_TIPO_DOCUMENTO_RECEPTOR NUMBER(13,0) NOT NULL ENABLE,
    CODIGO VARCHAR2(5 BYTE) NOT NULL ENABLE,
    VALOR VARCHAR2(200 BYTE) NOT NULL ENABLE,
    VALOR_JDE VARCHAR2(50 BYTE) NOT NULL ENABLE,
    CONSTRAINT PK_FEL_TIPO_DOCUMENTO_RECEPTOR PRIMARY KEY (ID_TIPO_DOCUMENTO_RECEPTOR) ENABLE
);
INSERT INTO FEL_TIPO_DOCUMENTO_RECEPTOR (ID_TIPO_DOCUMENTO_RECEPTOR, CODIGO, VALOR, VALOR_JDE) VALUES (1, '1', 'NIT', '-');
INSERT INTO FEL_TIPO_DOCUMENTO_RECEPTOR (ID_TIPO_DOCUMENTO_RECEPTOR, CODIGO, VALOR, VALOR_JDE) VALUES (2, '2', 'DUI', '-');
INSERT INTO FEL_TIPO_DOCUMENTO_RECEPTOR (ID_TIPO_DOCUMENTO_RECEPTOR, CODIGO, VALOR, VALOR_JDE) VALUES (3, '3', 'Carnet de Residente', '-');
INSERT INTO FEL_TIPO_DOCUMENTO_RECEPTOR (ID_TIPO_DOCUMENTO_RECEPTOR, CODIGO, VALOR, VALOR_JDE) VALUES (4, '4', 'PASAPORTE', '-');
INSERT INTO FEL_TIPO_DOCUMENTO_RECEPTOR (ID_TIPO_DOCUMENTO_RECEPTOR, CODIGO, VALOR, VALOR_JDE) VALUES (5, '5', 'OTRO', '-');
COMMIT;
SELECT F.* FROM FEL_TIPO_DOCUMENTO_RECEPTOR F;


DROP TABLE FEL_SV_TBL_MODELO_FACTURACION;
CREATE TABLE FEL_SV_TBL_MODELO_FACTURACION (
    ID_MODELO_FACTURACION NUMBER(13,0) NOT NULL ENABLE,
    CODIGO VARCHAR2(5 BYTE) NOT NULL ENABLE,
    VALOR VARCHAR2(200 BYTE) NOT NULL ENABLE,
    VALOR_JDE VARCHAR2(50 BYTE) NOT NULL ENABLE,
    CONSTRAINT PK_FEL_SV_MODELO_FACTURACION PRIMARY KEY (ID_MODELO_FACTURACION) ENABLE
);
INSERT INTO FEL_SV_TBL_MODELO_FACTURACION (ID_MODELO_FACTURACION, CODIGO, VALOR, VALOR_JDE) VALUES (1, '1', 'Modelo Facturación Previo', '-');
INSERT INTO FEL_SV_TBL_MODELO_FACTURACION (ID_MODELO_FACTURACION, CODIGO, VALOR, VALOR_JDE) VALUES (2, '2', 'Modelo Facturación Diferido', '-');
COMMIT;
SELECT F.* FROM FEL_SV_TBL_MODELO_FACTURACION F;


DROP TABLE FEL_SV_TBL_TIPO_TRANSMISION;
CREATE TABLE FEL_SV_TBL_TIPO_TRANSMISION (
    ID_TIPO_TRANSMISION NUMBER(13,0) NOT NULL ENABLE,
    CODIGO VARCHAR2(5 BYTE) NOT NULL ENABLE,
    VALOR VARCHAR2(200 BYTE) NOT NULL ENABLE,
    VALOR_JDE VARCHAR2(50 BYTE) NOT NULL ENABLE,
    CONSTRAINT PK_FEL_SV_TBL_TIPO_TRANSMISION PRIMARY KEY (ID_TIPO_TRANSMISION) ENABLE
);
INSERT INTO FEL_SV_TBL_TIPO_TRANSMISION (ID_TIPO_TRANSMISION, CODIGO, VALOR, VALOR_JDE) VALUES (1, '1', 'Transmisión Normal', '-');
INSERT INTO FEL_SV_TBL_TIPO_TRANSMISION (ID_TIPO_TRANSMISION, CODIGO, VALOR, VALOR_JDE) VALUES (2, '2', 'Transmisión por Contingencia', '-');
COMMIT;
SELECT F.* FROM FEL_SV_TBL_TIPO_TRANSMISION F;


DROP TABLE FEL_SV_TBL_TIPO_CONTINGENCIA;
CREATE TABLE FEL_SV_TBL_TIPO_CONTINGENCIA (
    ID_TIPO_CONTINGENCIA NUMBER(13,0) NOT NULL ENABLE,
    CODIGO VARCHAR2(5 BYTE) NOT NULL ENABLE,
    VALOR VARCHAR2(200 BYTE) NOT NULL ENABLE,
    VALOR_JDE VARCHAR2(50 BYTE) NOT NULL ENABLE,
    CONSTRAINT PK_FEL_SV_TIPO_CONTINGENCIA PRIMARY KEY (ID_TIPO_CONTINGENCIA) ENABLE
);
INSERT INTO FEL_SV_TBL_TIPO_CONTINGENCIA (ID_TIPO_CONTINGENCIA, CODIGO, VALOR, VALOR_JDE) VALUES (1, '1', 'No disponibilidad de Sistema del MH', '-');
INSERT INTO FEL_SV_TBL_TIPO_CONTINGENCIA (ID_TIPO_CONTINGENCIA, CODIGO, VALOR, VALOR_JDE) VALUES (2, '2', 'No disponibilidad de Sistema del Emisor', '-');
INSERT INTO FEL_SV_TBL_TIPO_CONTINGENCIA (ID_TIPO_CONTINGENCIA, CODIGO, VALOR, VALOR_JDE) VALUES (3, '3', 'Falla en el suministro de Servicio de Internet del Emisor', '-');
INSERT INTO FEL_SV_TBL_TIPO_CONTINGENCIA (ID_TIPO_CONTINGENCIA, CODIGO, VALOR, VALOR_JDE) VALUES (4, '4', 'Falla en el suministro de Servicio de Energía Eléctrica del Emisor', '-');
INSERT INTO FEL_SV_TBL_TIPO_CONTINGENCIA (ID_TIPO_CONTINGENCIA, CODIGO, VALOR, VALOR_JDE) VALUES (5, '5', 'Otro: colocar longitud de 200 caracteres para definición de este otro', '-');
COMMIT;
SELECT F.* FROM FEL_SV_TBL_TIPO_CONTINGENCIA F;


DROP TABLE FEL_TIPO_RELACION_DOCUMENTO;
CREATE TABLE FEL_TIPO_RELACION_DOCUMENTO (
    ID_TIPO_RELACION_DOCUMENTO NUMBER(13,0) NOT NULL ENABLE,
    CODIGO VARCHAR2(5 BYTE) NOT NULL ENABLE,
    VALOR VARCHAR2(200 BYTE) NOT NULL ENABLE,
    VALOR_JDE VARCHAR2(50 BYTE) NOT NULL ENABLE,
    CONSTRAINT PK_FEL_TIPO_RELACION_DOCUMENTO PRIMARY KEY (ID_TIPO_RELACION_DOCUMENTO) ENABLE
);
INSERT INTO FEL_TIPO_RELACION_DOCUMENTO (ID_TIPO_RELACION_DOCUMENTO, CODIGO, VALOR, VALOR_JDE) VALUES (1, '1', 'Ajuste', '-');
INSERT INTO FEL_TIPO_RELACION_DOCUMENTO (ID_TIPO_RELACION_DOCUMENTO, CODIGO, VALOR, VALOR_JDE) VALUES (2, '2', 'Relación', '-');
COMMIT;
SELECT F.* FROM FEL_TIPO_RELACION_DOCUMENTO F;


DROP TABLE FEL_TIPO_GENERACION_DOCUMENTO;
CREATE TABLE FEL_TIPO_GENERACION_DOCUMENTO (
    ID_TIPO_GENERACION_DOCUMENTO NUMBER(13,0) NOT NULL ENABLE,
    CODIGO VARCHAR2(5 BYTE) NOT NULL ENABLE,
    VALOR VARCHAR2(200 BYTE) NOT NULL ENABLE,
    VALOR_JDE VARCHAR2(50 BYTE) NOT NULL ENABLE,
    CONSTRAINT PK_TIPO_GENERACION_DOCUMENTO PRIMARY KEY (ID_TIPO_GENERACION_DOCUMENTO) ENABLE
);
INSERT INTO FEL_TIPO_GENERACION_DOCUMENTO (ID_TIPO_GENERACION_DOCUMENTO, CODIGO, VALOR, VALOR_JDE) VALUES (1, '1', 'Físico', '-');
INSERT INTO FEL_TIPO_GENERACION_DOCUMENTO (ID_TIPO_GENERACION_DOCUMENTO, CODIGO, VALOR, VALOR_JDE) VALUES (2, '2', 'Electrónico', '-');
COMMIT;
SELECT F.* FROM FEL_TIPO_GENERACION_DOCUMENTO F;


DROP TABLE FEL_CATEGORIA_CONTRIBUYENTE;
CREATE TABLE FEL_CATEGORIA_CONTRIBUYENTE (
    ID_CATEGORIA_CONTRIBUYENTE NUMBER(13,0) NOT NULL ENABLE,
    CODIGO VARCHAR2(5 BYTE) NOT NULL ENABLE,
    VALOR VARCHAR2(200 BYTE) NOT NULL ENABLE,
    VALOR_JDE VARCHAR2(50 BYTE) NOT NULL ENABLE,
    CONSTRAINT PK_FEL_CATEGORIA_CONTRIBUYENTE PRIMARY KEY (ID_CATEGORIA_CONTRIBUYENTE) ENABLE
);
INSERT INTO FEL_CATEGORIA_CONTRIBUYENTE (ID_CATEGORIA_CONTRIBUYENTE, CODIGO, VALOR, VALOR_JDE) VALUES (1, '1', 'GRANDE', '-');
INSERT INTO FEL_CATEGORIA_CONTRIBUYENTE (ID_CATEGORIA_CONTRIBUYENTE, CODIGO, VALOR, VALOR_JDE) VALUES (2, '2', 'MEDIANO', '-');
INSERT INTO FEL_CATEGORIA_CONTRIBUYENTE (ID_CATEGORIA_CONTRIBUYENTE, CODIGO, VALOR, VALOR_JDE) VALUES (3, '3', 'OTRO', '-');
COMMIT;
SELECT F.* FROM FEL_CATEGORIA_CONTRIBUYENTE F;


DROP TABLE FEL_TIPO_ESTABLECIMIENTO;
CREATE TABLE FEL_TIPO_ESTABLECIMIENTO (
    ID_TIPO_ESTABLECIMIENTO NUMBER(13,0) NOT NULL ENABLE,
    CODIGO VARCHAR2(5 BYTE) NOT NULL ENABLE,
    VALOR VARCHAR2(200 BYTE) NOT NULL ENABLE,
    VALOR_JDE VARCHAR2(50 BYTE) NOT NULL ENABLE,
    CONSTRAINT PK_FEL_TIPO_ESTABLECIMIENTO PRIMARY KEY (ID_TIPO_ESTABLECIMIENTO) ENABLE
);
INSERT INTO FEL_TIPO_ESTABLECIMIENTO (ID_TIPO_ESTABLECIMIENTO, CODIGO, VALOR, VALOR_JDE) VALUES (1, '1', 'Casa Matriz', '-');
INSERT INTO FEL_TIPO_ESTABLECIMIENTO (ID_TIPO_ESTABLECIMIENTO, CODIGO, VALOR, VALOR_JDE) VALUES (2, '2', 'Sucursal / Agencia', '-');
INSERT INTO FEL_TIPO_ESTABLECIMIENTO (ID_TIPO_ESTABLECIMIENTO, CODIGO, VALOR, VALOR_JDE) VALUES (3, '3', 'Bodega', '-');
INSERT INTO FEL_TIPO_ESTABLECIMIENTO (ID_TIPO_ESTABLECIMIENTO, CODIGO, VALOR, VALOR_JDE) VALUES (4, '4', 'Otro', '-');
COMMIT;
SELECT F.* FROM FEL_TIPO_ESTABLECIMIENTO F;


DROP TABLE FEL_SV_TBL_TIPO_SERVICIO;
CREATE TABLE FEL_SV_TBL_TIPO_SERVICIO (
    ID_TIPO_SERVICIO NUMBER(13,0) NOT NULL ENABLE,
    CODIGO VARCHAR2(5 BYTE) NOT NULL ENABLE,
    VALOR VARCHAR2(200 BYTE) NOT NULL ENABLE,
    VALOR_JDE VARCHAR2(50 BYTE) NOT NULL ENABLE,
    CONSTRAINT PK_FEL_SV_TBL_TIPO_SERVICIO PRIMARY KEY (ID_TIPO_SERVICIO) ENABLE
);
INSERT INTO FEL_SV_TBL_TIPO_SERVICIO (ID_TIPO_SERVICIO, CODIGO, VALOR, VALOR_JDE) VALUES (1, '1', 'Cirugía', '-');
INSERT INTO FEL_SV_TBL_TIPO_SERVICIO (ID_TIPO_SERVICIO, CODIGO, VALOR, VALOR_JDE) VALUES (2, '2', 'Operación', '-');
INSERT INTO FEL_SV_TBL_TIPO_SERVICIO (ID_TIPO_SERVICIO, CODIGO, VALOR, VALOR_JDE) VALUES (3, '3', 'Tratamiento Médico', '-');
INSERT INTO FEL_SV_TBL_TIPO_SERVICIO (ID_TIPO_SERVICIO, CODIGO, VALOR, VALOR_JDE) VALUES (4, '4', 'Cirugia Instituto Salvadoreño de Bienestar Magisterial', '-');
INSERT INTO FEL_SV_TBL_TIPO_SERVICIO (ID_TIPO_SERVICIO, CODIGO, VALOR, VALOR_JDE) VALUES (5, '5', 'Operación Instituto Salvadoreño de Bienestar Magisterial', '-');
INSERT INTO FEL_SV_TBL_TIPO_SERVICIO (ID_TIPO_SERVICIO, CODIGO, VALOR, VALOR_JDE) VALUES (6, '6', 'Tratamiento Medico Instituto Salvadoreño de Bienestar Magisterial', '-');
COMMIT;
SELECT F.* FROM FEL_SV_TBL_TIPO_SERVICIO F;


DROP TABLE FEL_SV_TBL_BIEN_SERVICIO;
CREATE TABLE FEL_SV_TBL_BIEN_SERVICIO (
    ID_BIEN_SERVICIO NUMBER(13,0) NOT NULL ENABLE,
    CODIGO VARCHAR2(5 BYTE) NOT NULL ENABLE,
    VALOR VARCHAR2(200 BYTE) NOT NULL ENABLE,
    VALOR_JDE VARCHAR2(50 BYTE) NOT NULL ENABLE,
    CONSTRAINT PK_FEL_SV_TBL_BIEN_SERVICIO PRIMARY KEY (ID_BIEN_SERVICIO) ENABLE
);
INSERT INTO FEL_SV_TBL_BIEN_SERVICIO (ID_BIEN_SERVICIO, CODIGO, VALOR, VALOR_JDE) VALUES (1, '1', 'Bienes', '-');
INSERT INTO FEL_SV_TBL_BIEN_SERVICIO (ID_BIEN_SERVICIO, CODIGO, VALOR, VALOR_JDE) VALUES (2, '2', 'Servicios', '-');
INSERT INTO FEL_SV_TBL_BIEN_SERVICIO (ID_BIEN_SERVICIO, CODIGO, VALOR, VALOR_JDE) VALUES (3, '3', 'Ambos Bienes y Servicios, incluye los dos inherente a los Productos o servicios', '-');
COMMIT;
SELECT F.* FROM FEL_SV_TBL_BIEN_SERVICIO F;


DROP TABLE FEL_SV_TBL_DEPARTAMENTO;
CREATE TABLE FEL_SV_TBL_DEPARTAMENTO (
    ID_DEPARTAMENTO NUMBER(13,0) NOT NULL ENABLE,
    CODIGO VARCHAR2(5 BYTE) NOT NULL ENABLE,
    VALOR VARCHAR2(200 BYTE) NOT NULL ENABLE,
    VALOR_JDE VARCHAR2(50 BYTE) NOT NULL ENABLE,
    CONSTRAINT PK_FEL_SV_TBL_DEPARTAMENTO PRIMARY KEY (ID_DEPARTAMENTO) ENABLE
);
INSERT INTO FEL_SV_TBL_DEPARTAMENTO (ID_DEPARTAMENTO, CODIGO, VALOR, VALOR_JDE) VALUES (1, '01', 'AHUACHAPAN', '-');
INSERT INTO FEL_SV_TBL_DEPARTAMENTO (ID_DEPARTAMENTO, CODIGO, VALOR, VALOR_JDE) VALUES (2, '02', 'SANTA ANA', '-');
INSERT INTO FEL_SV_TBL_DEPARTAMENTO (ID_DEPARTAMENTO, CODIGO, VALOR, VALOR_JDE) VALUES (3, '03', 'SONSONATE', '-');
INSERT INTO FEL_SV_TBL_DEPARTAMENTO (ID_DEPARTAMENTO, CODIGO, VALOR, VALOR_JDE) VALUES (4, '04', 'CHALATENANGO', '-');
INSERT INTO FEL_SV_TBL_DEPARTAMENTO (ID_DEPARTAMENTO, CODIGO, VALOR, VALOR_JDE) VALUES (5, '05', 'LA LIBERTAD', '-');
INSERT INTO FEL_SV_TBL_DEPARTAMENTO (ID_DEPARTAMENTO, CODIGO, VALOR, VALOR_JDE) VALUES (6, '06', 'SAN SALVADOR', '-');
INSERT INTO FEL_SV_TBL_DEPARTAMENTO (ID_DEPARTAMENTO, CODIGO, VALOR, VALOR_JDE) VALUES (7, '07', 'CUSCATLAN', '-');
INSERT INTO FEL_SV_TBL_DEPARTAMENTO (ID_DEPARTAMENTO, CODIGO, VALOR, VALOR_JDE) VALUES (8, '08', 'LA PAZ', '-');
INSERT INTO FEL_SV_TBL_DEPARTAMENTO (ID_DEPARTAMENTO, CODIGO, VALOR, VALOR_JDE) VALUES (9, '09', 'CABAÑAS', '-');
INSERT INTO FEL_SV_TBL_DEPARTAMENTO (ID_DEPARTAMENTO, CODIGO, VALOR, VALOR_JDE) VALUES (10, '10', 'SAN VICENTE', '-');
INSERT INTO FEL_SV_TBL_DEPARTAMENTO (ID_DEPARTAMENTO, CODIGO, VALOR, VALOR_JDE) VALUES (11, '11', 'USULUTAN', '-');
INSERT INTO FEL_SV_TBL_DEPARTAMENTO (ID_DEPARTAMENTO, CODIGO, VALOR, VALOR_JDE) VALUES (12, '12', 'SAN MIGUEL', '-');
INSERT INTO FEL_SV_TBL_DEPARTAMENTO (ID_DEPARTAMENTO, CODIGO, VALOR, VALOR_JDE) VALUES (13, '13', 'MORAZAN', '-');
INSERT INTO FEL_SV_TBL_DEPARTAMENTO (ID_DEPARTAMENTO, CODIGO, VALOR, VALOR_JDE) VALUES (14, '14', 'LA UNION', '-');
INSERT INTO FEL_SV_TBL_DEPARTAMENTO (ID_DEPARTAMENTO, CODIGO, VALOR, VALOR_JDE) VALUES (15, '00', 'OTRO PAIS', '-');
COMMIT;
SELECT F.* FROM FEL_SV_TBL_DEPARTAMENTO F;






DROP TABLE FEL_SV_TBL_MUNICIPIO;
CREATE TABLE FEL_SV_TBL_MUNICIPIO (
    ID_MUNICIPIO NUMBER(13,0) NOT NULL ENABLE,
    CODIGO VARCHAR2(5 BYTE) NOT NULL ENABLE,
    VALOR VARCHAR2(200 BYTE) NOT NULL ENABLE,
    ID_DEPARTAMENTO NUMBER(13,0) NOT NULL ENABLE,
    VALOR_JDE VARCHAR2(50 BYTE) NOT NULL ENABLE,
    CONSTRAINT PK_FEL_SV_TBL_MUNICIPIO PRIMARY KEY (ID_MUNICIPIO) ENABLE,
    CONSTRAINT FK_FEL_SV_TBL_MUNICIPIO_1 FOREIGN KEY (ID_DEPARTAMENTO) REFERENCES FEL_SV_TBL_DEPARTAMENTO (ID_DEPARTAMENTO) ENABLE
);

DROP TABLE FEL_SV_TBL_UNIDAD_MEDIDA;
CREATE TABLE FEL_SV_TBL_UNIDAD_MEDIDA (
    ID_UNIDAD_MEDIDA NUMBER(13,0) NOT NULL ENABLE,
    CODIGO VARCHAR2(5 BYTE) NOT NULL ENABLE,
    VALOR VARCHAR2(200 BYTE) NOT NULL ENABLE,
    VALOR_JDE VARCHAR2(50 BYTE) NOT NULL ENABLE,
    CONSTRAINT PK_FEL_SV_TBL_UNIDAD_MEDIDA PRIMARY KEY (ID_UNIDAD_MEDIDA) ENABLE
);

DROP TABLE FEL_SV_TBL_TRIBUTO;
CREATE TABLE FEL_SV_TBL_TRIBUTO (
    ID_TRIBUTO NUMBER(13,0) NOT NULL ENABLE,
    CODIGO VARCHAR2(5 BYTE) NOT NULL ENABLE,
    VALOR VARCHAR2(200 BYTE) NOT NULL ENABLE,
    VALOR_JDE VARCHAR2(50 BYTE) NOT NULL ENABLE,
    CONSTRAINT PK_FEL_SV_TBL_TRIBUTO PRIMARY KEY (ID_TRIBUTO) ENABLE
);

DROP TABLE FEL_SV_TBL_CONDICION_OPERACION;
CREATE TABLE FEL_SV_TBL_CONDICION_OPERACION (
    ID_CONDICION_OPERACION NUMBER(13,0) NOT NULL ENABLE,
    CODIGO VARCHAR2(5 BYTE) NOT NULL ENABLE,
    VALOR VARCHAR2(200 BYTE) NOT NULL ENABLE,
    VALOR_JDE VARCHAR2(50 BYTE) NOT NULL ENABLE,
    CONSTRAINT PK_FEL_SV_TBL_CONDICION_OPERACION PRIMARY KEY (ID_CONDICION_OPERACION) ENABLE
);

DROP TABLE FEL_SV_TBL_FORMA_PAGO;
CREATE TABLE FEL_SV_TBL_FORMA_PAGO (
    ID_FORMA_PAGO NUMBER(13,0) NOT NULL ENABLE,
    CODIGO VARCHAR2(5 BYTE) NOT NULL ENABLE,
    VALOR VARCHAR2(200 BYTE) NOT NULL ENABLE,
    VALOR_JDE VARCHAR2(50 BYTE) NOT NULL ENABLE,
    CONSTRAINT PK_FEL_SV_TBL_FORMA_PAGO PRIMARY KEY (ID_FORMA_PAGO) ENABLE
);

DROP TABLE FEL_SV_TBL_PLAZO;
CREATE TABLE FEL_SV_TBL_PLAZO (
    ID_PLAZO NUMBER(13,0) NOT NULL ENABLE,
    CODIGO VARCHAR2(5 BYTE) NOT NULL ENABLE,
    VALOR VARCHAR2(200 BYTE) NOT NULL ENABLE,
    VALOR_JDE VARCHAR2(50 BYTE) NOT NULL ENABLE,
    CONSTRAINT PK_FEL_SV_TBL_PLAZO PRIMARY KEY (ID_PLAZO) ENABLE
);

DROP TABLE FEL_SV_TBL_ACTIVIDAD_ECONOMICA;
CREATE TABLE FEL_SV_TBL_ACTIVIDAD_ECONOMICA (
    ID_ACTIVIDAD_ECONOMICA NUMBER(13,0) NOT NULL ENABLE,
    CODIGO VARCHAR2(5 BYTE) NOT NULL ENABLE,
    VALOR VARCHAR2(200 BYTE) NOT NULL ENABLE,
    VALOR_JDE VARCHAR2(50 BYTE) NOT NULL ENABLE,
    CONSTRAINT PK_FEL_SV_TBL_ACTIVIDAD_ECONOMICA PRIMARY KEY (ID_ACTIVIDAD_ECONOMICA) ENABLE
);

DROP TABLE FEL_SV_TBL_PAIS;
CREATE TABLE FEL_SV_TBL_PAIS (
    ID_PAIS NUMBER(13,0) NOT NULL ENABLE,
    CODIGO VARCHAR2(5 BYTE) NOT NULL ENABLE,
    VALOR VARCHAR2(200 BYTE) NOT NULL ENABLE,
    VALOR_JDE VARCHAR2(50 BYTE) NOT NULL ENABLE,
    CONSTRAINT PK_FEL_SV_TBL_PAIS PRIMARY KEY (ID_PAIS) ENABLE
);

DROP TABLE FEL_SV_TBL_EMISOR;
CREATE TABLE FEL_SV_TBL_EMISOR (
    ID_EMISOR NUMBER(13,0) NOT NULL,
    NIT VARCHAR2(14 BYTE) NOT NULL,
    NRC VARCHAR2(8 BYTE) NOT NULL,
    NUMFACTURADOR VARCHAR2(9 BYTE) NOT NULL,
    NOMBRE VARCHAR2(200 BYTE) NOT NULL,
    ID_ACTIVIDAD_ECONOMICA_1 NUMBER(13,0) NOT NULL,
    ID_ACTIVIDAD_ECONOMICA_2 NUMBER(13,0),
    NOMBRECOMERCIAL VARCHAR2(150 BYTE) NOT NULL,
    ID_DEPARTAMENTO NUMBER(13,0) NOT NULL,
    ID_MUNICIPIO NUMBER(13,0) NOT NULL,
    DIRECCION_COMPLEMENTO VARCHAR2(200 BYTE) NOT NULL,
    TELEFONO VARCHAR2(8 BYTE) NOT NULL,
    CORREO VARCHAR2(100 BYTE) NOT NULL,
    ID_CATEGORIA_CONTRIBUYENTE NUMBER(13,0) NOT NULL,
    FECSUJEXCL VARCHAR2(10 BYTE),
    MEDICO_NOMBRE VARCHAR2(100 BYTE),
    MEDICO_NIT VARCHAR2(14 BYTE),
    MEDICO_DOCIDENIFICACION VARCHAR2(25 BYTE),
    MEDICO_TIPOSERVICIO NUMBER(1,0),
    CARTAVENTA VARCHAR2(15 BYTE),
    NOMBENTREGA VARCHAR2(200 BYTE),
    DOCUENTREGA VARCHAR2(200 BYTE),
    CODEMPLEADO VARCHAR2(200 BYTE),
    NOMBRECIBE VARCHAR2(200 BYTE),
    DOCURECIBE VARCHAR2(200 BYTE),
    CONSTRAINT PK_FEL_SV_TBL_EMISOR PRIMARY KEY (ID_EMISOR),
    CONSTRAINT FK_FEL_SV_TBL_EMISOR_1 FOREIGN KEY (ID_ACTIVIDAD_ECONOMICA_1) REFERENCES FEL_SV_TBL_ACTIVIDAD_ECONOMICA (ID_ACTIVIDAD_ECONOMICA),
    CONSTRAINT FK_FEL_SV_TBL_EMISOR_2 FOREIGN KEY (ID_ACTIVIDAD_ECONOMICA_2) REFERENCES FEL_SV_TBL_ACTIVIDAD_ECONOMICA (ID_ACTIVIDAD_ECONOMICA),
    CONSTRAINT FK_FEL_SV_TBL_EMISOR_3 FOREIGN KEY (ID_DEPARTAMENTO) REFERENCES FEL_SV_TBL_DEPARTAMENTO (ID_DEPARTAMENTO),
    CONSTRAINT FK_FEL_SV_TBL_EMISOR_4 FOREIGN KEY (ID_MUNICIPIO) REFERENCES FEL_SV_TBL_MUNICIPIO (ID_MUNICIPIO),
    CONSTRAINT FK_FEL_SV_TBL_EMISOR_5 FOREIGN KEY (ID_CATEGORIA_CONTRIBUYENTE) REFERENCES FEL_SV_TBL_CATEGORIA_CONTRIBUYENTE (ID_CATEGORIA_CONTRIBUYENTE)
);

DROP TABLE FEL_SV_TBL_EMISOR_KCOO;
CREATE TABLE FEL_SV_TBL_EMISOR_KCOO (
    ID_EMISOR NUMBER(13,0) NOT NULL ENABLE,
    KCOO_JDE VARCHAR2(50 BYTE) NOT NULL ENABLE,
    CONSTRAINT PK_FEL_SV_TBL_EMISOR_KCOO PRIMARY KEY (ID_EMISOR, KCOO_JDE) ENABLE,
    CONSTRAINT FK_FEL_SV_TBL_EMISOR_KCOO_1 FOREIGN KEY (ID_EMISOR) REFERENCES FEL_SV_TBL_EMISOR (ID_EMISOR) ENABLE
);

DROP TABLE FEL_SV_TBL_EMISOR_ESTABLECIMIENTO;
CREATE TABLE FEL_SV_TBL_EMISOR_ESTABLECIMIENTO (
    ID_EMISOR_ESTABLECIMIENTO NUMBER(13,0) NOT NULL ENABLE,
    ID_EMISOR NUMBER(13,0) NOT NULL ENABLE,
    ID_TIPO_ESTABLECIMIENTO NUMBER(13,0) NOT NULL ENABLE,
    NOMBRE VARCHAR2(150 BYTE) NOT NULL ENABLE,
    CODIGO VARCHAR2(3 BYTE) NOT NULL ENABLE,
    PUNTOVENTA VARCHAR2(11 BYTE) NOT NULL ENABLE,
    ID_DEPARTAMENTO NUMBER(13,0) NOT NULL ENABLE,
    ID_MUNICIPIO NUMBER(13,0) NOT NULL ENABLE,
    DIRECCION_COMPLEMENTO VARCHAR2(200 BYTE) NOT NULL ENABLE,
    TELEFONO VARCHAR2(8 BYTE) NOT NULL,
    MCU_JDE VARCHAR2(50 BYTE) NOT NULL ENABLE,
    CORRELATIVO_CCF NUMBER(13,0) NOT NULL ENABLE,
    CORRELATIVO_NC NUMBER(13,0) NOT NULL ENABLE,
    CORRELATIVO_ND NUMBER(13,0) NOT NULL ENABLE,
    CORRELATIVO_NR NUMBER(13,0) NOT NULL ENABLE,
    CONSTRAINT PK_FEL_SV_TBL_EMISOR_ESTABLECIMIENTO PRIMARY KEY (ID_EMISOR_ESTABLECIMIENTO) ENABLE,
    CONSTRAINT FK_FEL_SV_TBL_EMISOR_ESTABLECIMIENTO_1 FOREIGN KEY (ID_EMISOR) REFERENCES FEL_SV_TBL_EMISOR (ID_EMISOR) ENABLE,
    CONSTRAINT FK_FEL_SV_TBL_EMISOR_ESTABLECIMIENTO_2 FOREIGN KEY (ID_TIPO_ESTABLECIMIENTO) REFERENCES FEL_SV_TBL_TIPO_ESTABLECIMIENTO (ID_TIPO_ESTABLECIMIENTO) ENABLE,
    CONSTRAINT FK_FEL_SV_TBL_EMISOR_ESTABLECIMIENTO_3 FOREIGN KEY (ID_DEPARTAMENTO) REFERENCES FEL_SV_TBL_DEPARTAMENTO (ID_DEPARTAMENTO) ENABLE,
    CONSTRAINT FK_FEL_SV_TBL_EMISOR_ESTABLECIMIENTO_4 FOREIGN KEY (ID_MUNICIPIO) REFERENCES FEL_SV_TBL_MUNICIPIO (ID_MUNICIPIO) ENABLE
);





INSERT INTO FEL_SV_TBL_MUNICIPIO (CODIGO, VALOR, ID_DEPARTAMENTO, VALOR_JDE) VALUES ('00','OTRO PAIS',15,'-');
INSERT INTO FEL_SV_TBL_MUNICIPIO (CODIGO, VALOR, ID_DEPARTAMENTO, VALOR_JDE) VALUES ('01','AHUACHAPAN',1,'-');
INSERT INTO FEL_SV_TBL_MUNICIPIO (CODIGO, VALOR, ID_DEPARTAMENTO, VALOR_JDE) VALUES ('02','APANECA',1,'-');
INSERT INTO FEL_SV_TBL_MUNICIPIO (CODIGO, VALOR, ID_DEPARTAMENTO, VALOR_JDE) VALUES ('03','ATIQUIZAYA',1,'-');
INSERT INTO FEL_SV_TBL_MUNICIPIO (CODIGO, VALOR, ID_DEPARTAMENTO, VALOR_JDE) VALUES ('04','CONCEPCION DE ATACO',1,'-');
INSERT INTO FEL_SV_TBL_MUNICIPIO (CODIGO, VALOR, ID_DEPARTAMENTO, VALOR_JDE) VALUES ('05','EL REFUGIO',1,'-');
INSERT INTO FEL_SV_TBL_MUNICIPIO (CODIGO, VALOR, ID_DEPARTAMENTO, VALOR_JDE) VALUES ('06','GUAYMANGO',1,'-');
INSERT INTO FEL_SV_TBL_MUNICIPIO (CODIGO, VALOR, ID_DEPARTAMENTO, VALOR_JDE) VALUES ('07','JUJUTLA',1,'-');
INSERT INTO FEL_SV_TBL_MUNICIPIO (CODIGO, VALOR, ID_DEPARTAMENTO, VALOR_JDE) VALUES ('08','SAN FRANCISCO MENENDEZ',1,'-');
INSERT INTO FEL_SV_TBL_MUNICIPIO (CODIGO, VALOR, ID_DEPARTAMENTO, VALOR_JDE) VALUES ('09','SAN LORENZO',1,'-');
INSERT INTO FEL_SV_TBL_MUNICIPIO (CODIGO, VALOR, ID_DEPARTAMENTO, VALOR_JDE) VALUES ('10','SAN PEDRO PUXTLA',1,'-');
INSERT INTO FEL_SV_TBL_MUNICIPIO (CODIGO, VALOR, ID_DEPARTAMENTO, VALOR_JDE) VALUES ('11','TACUBA',1,'-');
INSERT INTO FEL_SV_TBL_MUNICIPIO (CODIGO, VALOR, ID_DEPARTAMENTO, VALOR_JDE) VALUES ('12','TURIN',1,'-');
INSERT INTO FEL_SV_TBL_MUNICIPIO (CODIGO, VALOR, ID_DEPARTAMENTO, VALOR_JDE) VALUES ('01','CANDELARIA DE LA FRONTERA',2,'-');
INSERT INTO FEL_SV_TBL_MUNICIPIO (CODIGO, VALOR, ID_DEPARTAMENTO, VALOR_JDE) VALUES ('02','COATEPEQUE',2,'-');
INSERT INTO FEL_SV_TBL_MUNICIPIO (CODIGO, VALOR, ID_DEPARTAMENTO, VALOR_JDE) VALUES ('03','CHALCHUAPA',2,'-');
INSERT INTO FEL_SV_TBL_MUNICIPIO (CODIGO, VALOR, ID_DEPARTAMENTO, VALOR_JDE) VALUES ('04','EL CONGO',2,'-');
INSERT INTO FEL_SV_TBL_MUNICIPIO (CODIGO, VALOR, ID_DEPARTAMENTO, VALOR_JDE) VALUES ('05','EL PORVENIR',2,'-');
INSERT INTO FEL_SV_TBL_MUNICIPIO (CODIGO, VALOR, ID_DEPARTAMENTO, VALOR_JDE) VALUES ('06','MASAHUAT',2,'-');
INSERT INTO FEL_SV_TBL_MUNICIPIO (CODIGO, VALOR, ID_DEPARTAMENTO, VALOR_JDE) VALUES ('07','METAPAN',2,'-');
INSERT INTO FEL_SV_TBL_MUNICIPIO (CODIGO, VALOR, ID_DEPARTAMENTO, VALOR_JDE) VALUES ('08','SAN ANTONIO PAJONAL',2,'-');
INSERT INTO FEL_SV_TBL_MUNICIPIO (CODIGO, VALOR, ID_DEPARTAMENTO, VALOR_JDE) VALUES ('09','SAN SEBASTIAN SALITRILLO',2,'-');
INSERT INTO FEL_SV_TBL_MUNICIPIO (CODIGO, VALOR, ID_DEPARTAMENTO, VALOR_JDE) VALUES ('10','SANTA ANA',2,'-');
INSERT INTO FEL_SV_TBL_MUNICIPIO (CODIGO, VALOR, ID_DEPARTAMENTO, VALOR_JDE) VALUES ('11','STA ROSA GUACHI',2,'-');
INSERT INTO FEL_SV_TBL_MUNICIPIO (CODIGO, VALOR, ID_DEPARTAMENTO, VALOR_JDE) VALUES ('12','STGO D LA FRONT',2,'-');
INSERT INTO FEL_SV_TBL_MUNICIPIO (CODIGO, VALOR, ID_DEPARTAMENTO, VALOR_JDE) VALUES ('13','TEXISTEPEQUE',2,'-');
INSERT INTO FEL_SV_TBL_MUNICIPIO (CODIGO, VALOR, ID_DEPARTAMENTO, VALOR_JDE) VALUES ('01','ACAJUTLA',3,'-');
INSERT INTO FEL_SV_TBL_MUNICIPIO (CODIGO, VALOR, ID_DEPARTAMENTO, VALOR_JDE) VALUES ('02','ARMENIA',3,'-');
INSERT INTO FEL_SV_TBL_MUNICIPIO (CODIGO, VALOR, ID_DEPARTAMENTO, VALOR_JDE) VALUES ('03','CALUCO',3,'-');
INSERT INTO FEL_SV_TBL_MUNICIPIO (CODIGO, VALOR, ID_DEPARTAMENTO, VALOR_JDE) VALUES ('04','CUISNAHUAT',3,'-');
INSERT INTO FEL_SV_TBL_MUNICIPIO (CODIGO, VALOR, ID_DEPARTAMENTO, VALOR_JDE) VALUES ('05','STA I ISHUATAN',3,'-');
INSERT INTO FEL_SV_TBL_MUNICIPIO (CODIGO, VALOR, ID_DEPARTAMENTO, VALOR_JDE) VALUES ('06','IZALCO',3,'-');
INSERT INTO FEL_SV_TBL_MUNICIPIO (CODIGO, VALOR, ID_DEPARTAMENTO, VALOR_JDE) VALUES ('07','JUAYUA',3,'-');
INSERT INTO FEL_SV_TBL_MUNICIPIO (CODIGO, VALOR, ID_DEPARTAMENTO, VALOR_JDE) VALUES ('08','NAHUIZALCO',3,'-');
INSERT INTO FEL_SV_TBL_MUNICIPIO (CODIGO, VALOR, ID_DEPARTAMENTO, VALOR_JDE) VALUES ('09','NAHULINGO',3,'-');
INSERT INTO FEL_SV_TBL_MUNICIPIO (CODIGO, VALOR, ID_DEPARTAMENTO, VALOR_JDE) VALUES ('10','SALCOATITAN',3,'-');
INSERT INTO FEL_SV_TBL_MUNICIPIO (CODIGO, VALOR, ID_DEPARTAMENTO, VALOR_JDE) VALUES ('11','SAN ANTONIO DEL MONTE',3,'-');
INSERT INTO FEL_SV_TBL_MUNICIPIO (CODIGO, VALOR, ID_DEPARTAMENTO, VALOR_JDE) VALUES ('12','SAN JULIAN',3,'-');
INSERT INTO FEL_SV_TBL_MUNICIPIO (CODIGO, VALOR, ID_DEPARTAMENTO, VALOR_JDE) VALUES ('13','STA C MASAHUAT',3,'-');
INSERT INTO FEL_SV_TBL_MUNICIPIO (CODIGO, VALOR, ID_DEPARTAMENTO, VALOR_JDE) VALUES ('14','SANTO DOMINGO GUZMAN',3,'-');
INSERT INTO FEL_SV_TBL_MUNICIPIO (CODIGO, VALOR, ID_DEPARTAMENTO, VALOR_JDE) VALUES ('15','SONSONATE',3,'-');
INSERT INTO FEL_SV_TBL_MUNICIPIO (CODIGO, VALOR, ID_DEPARTAMENTO, VALOR_JDE) VALUES ('16','SONZACATE',3,'-');
INSERT INTO FEL_SV_TBL_MUNICIPIO (CODIGO, VALOR, ID_DEPARTAMENTO, VALOR_JDE) VALUES ('01','AGUA CALIENTE',4,'-');
INSERT INTO FEL_SV_TBL_MUNICIPIO (CODIGO, VALOR, ID_DEPARTAMENTO, VALOR_JDE) VALUES ('02','ARCATAO',4,'-');
INSERT INTO FEL_SV_TBL_MUNICIPIO (CODIGO, VALOR, ID_DEPARTAMENTO, VALOR_JDE) VALUES ('03','AZACUALPA',4,'-');
INSERT INTO FEL_SV_TBL_MUNICIPIO (CODIGO, VALOR, ID_DEPARTAMENTO, VALOR_JDE) VALUES ('04','CITALA',4,'-');
INSERT INTO FEL_SV_TBL_MUNICIPIO (CODIGO, VALOR, ID_DEPARTAMENTO, VALOR_JDE) VALUES ('05','COMALAPA',4,'-');
INSERT INTO FEL_SV_TBL_MUNICIPIO (CODIGO, VALOR, ID_DEPARTAMENTO, VALOR_JDE) VALUES ('06','CONCEPCION QUEZALTEPEQUE',4,'-');
INSERT INTO FEL_SV_TBL_MUNICIPIO (CODIGO, VALOR, ID_DEPARTAMENTO, VALOR_JDE) VALUES ('07','CHALATENANGO',4,'-');
INSERT INTO FEL_SV_TBL_MUNICIPIO (CODIGO, VALOR, ID_DEPARTAMENTO, VALOR_JDE) VALUES ('08','DULCE NOM MARIA',4,'-');
INSERT INTO FEL_SV_TBL_MUNICIPIO (CODIGO, VALOR, ID_DEPARTAMENTO, VALOR_JDE) VALUES ('09','EL CARRIZAL',4,'-');
INSERT INTO FEL_SV_TBL_MUNICIPIO (CODIGO, VALOR, ID_DEPARTAMENTO, VALOR_JDE) VALUES ('10','EL PARAISO',4,'-');
INSERT INTO FEL_SV_TBL_MUNICIPIO (CODIGO, VALOR, ID_DEPARTAMENTO, VALOR_JDE) VALUES ('11','LA LAGUNA',4,'-');
INSERT INTO FEL_SV_TBL_MUNICIPIO (CODIGO, VALOR, ID_DEPARTAMENTO, VALOR_JDE) VALUES ('12','LA PALMA',4,'-');
INSERT INTO FEL_SV_TBL_MUNICIPIO (CODIGO, VALOR, ID_DEPARTAMENTO, VALOR_JDE) VALUES ('13','LA REINA',4,'-');
INSERT INTO FEL_SV_TBL_MUNICIPIO (CODIGO, VALOR, ID_DEPARTAMENTO, VALOR_JDE) VALUES ('14','LAS VUELTAS',4,'-');
INSERT INTO FEL_SV_TBL_MUNICIPIO (CODIGO, VALOR, ID_DEPARTAMENTO, VALOR_JDE) VALUES ('15','NOMBRE DE JESUS',4,'-');
INSERT INTO FEL_SV_TBL_MUNICIPIO (CODIGO, VALOR, ID_DEPARTAMENTO, VALOR_JDE) VALUES ('16','NVA CONCEPCION',4,'-');
INSERT INTO FEL_SV_TBL_MUNICIPIO (CODIGO, VALOR, ID_DEPARTAMENTO, VALOR_JDE) VALUES ('17','NUEVA TRINIDAD',4,'-');
INSERT INTO FEL_SV_TBL_MUNICIPIO (CODIGO, VALOR, ID_DEPARTAMENTO, VALOR_JDE) VALUES ('18','OJOS DE AGUA',4,'-');
INSERT INTO FEL_SV_TBL_MUNICIPIO (CODIGO, VALOR, ID_DEPARTAMENTO, VALOR_JDE) VALUES ('19','POTONICO',4,'-');
INSERT INTO FEL_SV_TBL_MUNICIPIO (CODIGO, VALOR, ID_DEPARTAMENTO, VALOR_JDE) VALUES ('20','SAN ANT LA CRUZ',4,'-');
INSERT INTO FEL_SV_TBL_MUNICIPIO (CODIGO, VALOR, ID_DEPARTAMENTO, VALOR_JDE) VALUES ('21','SAN ANT RANCHOS',4,'-');
INSERT INTO FEL_SV_TBL_MUNICIPIO (CODIGO, VALOR, ID_DEPARTAMENTO, VALOR_JDE) VALUES ('22','SAN FERNANDO',4,'-');
INSERT INTO FEL_SV_TBL_MUNICIPIO (CODIGO, VALOR, ID_DEPARTAMENTO, VALOR_JDE) VALUES ('23','SAN FRANCISCO LEMPA',4,'-');
INSERT INTO FEL_SV_TBL_MUNICIPIO (CODIGO, VALOR, ID_DEPARTAMENTO, VALOR_JDE) VALUES ('24','SAN FRANCISCO MORAZAN',4,'-');
INSERT INTO FEL_SV_TBL_MUNICIPIO (CODIGO, VALOR, ID_DEPARTAMENTO, VALOR_JDE) VALUES ('25','SAN IGNACIO',4,'-');
INSERT INTO FEL_SV_TBL_MUNICIPIO (CODIGO, VALOR, ID_DEPARTAMENTO, VALOR_JDE) VALUES ('26','SAN I LABRADOR',4,'-');
INSERT INTO FEL_SV_TBL_MUNICIPIO (CODIGO, VALOR, ID_DEPARTAMENTO, VALOR_JDE) VALUES ('27','SAN J CANCASQUE',4,'-');
INSERT INTO FEL_SV_TBL_MUNICIPIO (CODIGO, VALOR, ID_DEPARTAMENTO, VALOR_JDE) VALUES ('28','SAN JOSE FLORES',4,'-');
INSERT INTO FEL_SV_TBL_MUNICIPIO (CODIGO, VALOR, ID_DEPARTAMENTO, VALOR_JDE) VALUES ('29','SAN LUIS CARMEN',4,'-');
INSERT INTO FEL_SV_TBL_MUNICIPIO (CODIGO, VALOR, ID_DEPARTAMENTO, VALOR_JDE) VALUES ('30','SN MIG MERCEDES',4,'-');
INSERT INTO FEL_SV_TBL_MUNICIPIO (CODIGO, VALOR, ID_DEPARTAMENTO, VALOR_JDE) VALUES ('31','SAN RAFAEL',4,'-');
INSERT INTO FEL_SV_TBL_MUNICIPIO (CODIGO, VALOR, ID_DEPARTAMENTO, VALOR_JDE) VALUES ('32','SANTA RITA',4,'-');
INSERT INTO FEL_SV_TBL_MUNICIPIO (CODIGO, VALOR, ID_DEPARTAMENTO, VALOR_JDE) VALUES ('33','TEJUTLA',4,'-');
INSERT INTO FEL_SV_TBL_MUNICIPIO (CODIGO, VALOR, ID_DEPARTAMENTO, VALOR_JDE) VALUES ('01','ANTGO CUSCATLAN',5,'-');
INSERT INTO FEL_SV_TBL_MUNICIPIO (CODIGO, VALOR, ID_DEPARTAMENTO, VALOR_JDE) VALUES ('02','CIUDAD ARCE',5,'-');
INSERT INTO FEL_SV_TBL_MUNICIPIO (CODIGO, VALOR, ID_DEPARTAMENTO, VALOR_JDE) VALUES ('03','COLON',5,'-');
INSERT INTO FEL_SV_TBL_MUNICIPIO (CODIGO, VALOR, ID_DEPARTAMENTO, VALOR_JDE) VALUES ('04','COMASAGUA',5,'-');
INSERT INTO FEL_SV_TBL_MUNICIPIO (CODIGO, VALOR, ID_DEPARTAMENTO, VALOR_JDE) VALUES ('05','CHILTIUPAN',5,'-');
INSERT INTO FEL_SV_TBL_MUNICIPIO (CODIGO, VALOR, ID_DEPARTAMENTO, VALOR_JDE) VALUES ('06','HUIZUCAR',5,'-');
INSERT INTO FEL_SV_TBL_MUNICIPIO (CODIGO, VALOR, ID_DEPARTAMENTO, VALOR_JDE) VALUES ('07','JAYAQUE',5,'-');
INSERT INTO FEL_SV_TBL_MUNICIPIO (CODIGO, VALOR, ID_DEPARTAMENTO, VALOR_JDE) VALUES ('08','JICALAPA',5,'-');
INSERT INTO FEL_SV_TBL_MUNICIPIO (CODIGO, VALOR, ID_DEPARTAMENTO, VALOR_JDE) VALUES ('09','LA LIBERTAD',5,'-');
INSERT INTO FEL_SV_TBL_MUNICIPIO (CODIGO, VALOR, ID_DEPARTAMENTO, VALOR_JDE) VALUES ('10','NUEVO CUSCATLAN',5,'-');
INSERT INTO FEL_SV_TBL_MUNICIPIO (CODIGO, VALOR, ID_DEPARTAMENTO, VALOR_JDE) VALUES ('11','SANTA TECLA',5,'-');
INSERT INTO FEL_SV_TBL_MUNICIPIO (CODIGO, VALOR, ID_DEPARTAMENTO, VALOR_JDE) VALUES ('12','QUEZALTEPEQUE',5,'-');
INSERT INTO FEL_SV_TBL_MUNICIPIO (CODIGO, VALOR, ID_DEPARTAMENTO, VALOR_JDE) VALUES ('13','SACACOYO',5,'-');
INSERT INTO FEL_SV_TBL_MUNICIPIO (CODIGO, VALOR, ID_DEPARTAMENTO, VALOR_JDE) VALUES ('14','SN J VILLANUEVA',5,'-');
INSERT INTO FEL_SV_TBL_MUNICIPIO (CODIGO, VALOR, ID_DEPARTAMENTO, VALOR_JDE) VALUES ('15','SAN JUAN OPICO',5,'-');
INSERT INTO FEL_SV_TBL_MUNICIPIO (CODIGO, VALOR, ID_DEPARTAMENTO, VALOR_JDE) VALUES ('16','SAN MATIAS',5,'-');
INSERT INTO FEL_SV_TBL_MUNICIPIO (CODIGO, VALOR, ID_DEPARTAMENTO, VALOR_JDE) VALUES ('17','SAN P TACACHICO',5,'-');
INSERT INTO FEL_SV_TBL_MUNICIPIO (CODIGO, VALOR, ID_DEPARTAMENTO, VALOR_JDE) VALUES ('18','TAMANIQUE',5,'-');
INSERT INTO FEL_SV_TBL_MUNICIPIO (CODIGO, VALOR, ID_DEPARTAMENTO, VALOR_JDE) VALUES ('19','TALNIQUE',5,'-');
INSERT INTO FEL_SV_TBL_MUNICIPIO (CODIGO, VALOR, ID_DEPARTAMENTO, VALOR_JDE) VALUES ('20','TEOTEPEQUE',5,'-');
INSERT INTO FEL_SV_TBL_MUNICIPIO (CODIGO, VALOR, ID_DEPARTAMENTO, VALOR_JDE) VALUES ('21','TEPECOYO',5,'-');
INSERT INTO FEL_SV_TBL_MUNICIPIO (CODIGO, VALOR, ID_DEPARTAMENTO, VALOR_JDE) VALUES ('22','ZARAGOZA',5,'-');
INSERT INTO FEL_SV_TBL_MUNICIPIO (CODIGO, VALOR, ID_DEPARTAMENTO, VALOR_JDE) VALUES ('01','AGUILARES',6,'-');
INSERT INTO FEL_SV_TBL_MUNICIPIO (CODIGO, VALOR, ID_DEPARTAMENTO, VALOR_JDE) VALUES ('02','APOPA',6,'-');
INSERT INTO FEL_SV_TBL_MUNICIPIO (CODIGO, VALOR, ID_DEPARTAMENTO, VALOR_JDE) VALUES ('03','AYUTUXTEPEQUE',6,'-');
INSERT INTO FEL_SV_TBL_MUNICIPIO (CODIGO, VALOR, ID_DEPARTAMENTO, VALOR_JDE) VALUES ('04','CUSCATANCINGO',6,'-');
INSERT INTO FEL_SV_TBL_MUNICIPIO (CODIGO, VALOR, ID_DEPARTAMENTO, VALOR_JDE) VALUES ('05','EL PAISNAL',6,'-');
INSERT INTO FEL_SV_TBL_MUNICIPIO (CODIGO, VALOR, ID_DEPARTAMENTO, VALOR_JDE) VALUES ('06','GUAZAPA',6,'-');
INSERT INTO FEL_SV_TBL_MUNICIPIO (CODIGO, VALOR, ID_DEPARTAMENTO, VALOR_JDE) VALUES ('07','ILOPANGO',6,'-');
INSERT INTO FEL_SV_TBL_MUNICIPIO (CODIGO, VALOR, ID_DEPARTAMENTO, VALOR_JDE) VALUES ('08','MEJICANOS',6,'-');
INSERT INTO FEL_SV_TBL_MUNICIPIO (CODIGO, VALOR, ID_DEPARTAMENTO, VALOR_JDE) VALUES ('09','NEJAPA',6,'-');
INSERT INTO FEL_SV_TBL_MUNICIPIO (CODIGO, VALOR, ID_DEPARTAMENTO, VALOR_JDE) VALUES ('10','PANCHIMALCO',6,'-');
INSERT INTO FEL_SV_TBL_MUNICIPIO (CODIGO, VALOR, ID_DEPARTAMENTO, VALOR_JDE) VALUES ('11','ROSARIO DE MORA',6,'-');
INSERT INTO FEL_SV_TBL_MUNICIPIO (CODIGO, VALOR, ID_DEPARTAMENTO, VALOR_JDE) VALUES ('12','SAN MARCOS',6,'-');
INSERT INTO FEL_SV_TBL_MUNICIPIO (CODIGO, VALOR, ID_DEPARTAMENTO, VALOR_JDE) VALUES ('13','SAN MARTIN',6,'-');
INSERT INTO FEL_SV_TBL_MUNICIPIO (CODIGO, VALOR, ID_DEPARTAMENTO, VALOR_JDE) VALUES ('14','SAN SALVADOR',6,'-');
INSERT INTO FEL_SV_TBL_MUNICIPIO (CODIGO, VALOR, ID_DEPARTAMENTO, VALOR_JDE) VALUES ('15','STG TEXACUANGOS',6,'-');
INSERT INTO FEL_SV_TBL_MUNICIPIO (CODIGO, VALOR, ID_DEPARTAMENTO, VALOR_JDE) VALUES ('16','SANTO TOMAS',6,'-');
INSERT INTO FEL_SV_TBL_MUNICIPIO (CODIGO, VALOR, ID_DEPARTAMENTO, VALOR_JDE) VALUES ('17','SOYAPANGO',6,'-');
INSERT INTO FEL_SV_TBL_MUNICIPIO (CODIGO, VALOR, ID_DEPARTAMENTO, VALOR_JDE) VALUES ('18','TONACATEPEQUE',6,'-');
INSERT INTO FEL_SV_TBL_MUNICIPIO (CODIGO, VALOR, ID_DEPARTAMENTO, VALOR_JDE) VALUES ('19','CIUDAD DELGADO',6,'-');
INSERT INTO FEL_SV_TBL_MUNICIPIO (CODIGO, VALOR, ID_DEPARTAMENTO, VALOR_JDE) VALUES ('01','CANDELARIA',7,'-');
INSERT INTO FEL_SV_TBL_MUNICIPIO (CODIGO, VALOR, ID_DEPARTAMENTO, VALOR_JDE) VALUES ('02','COJUTEPEQUE',7,'-');
INSERT INTO FEL_SV_TBL_MUNICIPIO (CODIGO, VALOR, ID_DEPARTAMENTO, VALOR_JDE) VALUES ('03','EL CARMEN',7,'-');
INSERT INTO FEL_SV_TBL_MUNICIPIO (CODIGO, VALOR, ID_DEPARTAMENTO, VALOR_JDE) VALUES ('04','EL ROSARIO',7,'-');
INSERT INTO FEL_SV_TBL_MUNICIPIO (CODIGO, VALOR, ID_DEPARTAMENTO, VALOR_JDE) VALUES ('05','MONTE SAN JUAN',7,'-');
INSERT INTO FEL_SV_TBL_MUNICIPIO (CODIGO, VALOR, ID_DEPARTAMENTO, VALOR_JDE) VALUES ('06','ORAT CONCEPCION',7,'-');
INSERT INTO FEL_SV_TBL_MUNICIPIO (CODIGO, VALOR, ID_DEPARTAMENTO, VALOR_JDE) VALUES ('07','SAN B PERULAPIA',7,'-');
INSERT INTO FEL_SV_TBL_MUNICIPIO (CODIGO, VALOR, ID_DEPARTAMENTO, VALOR_JDE) VALUES ('08','SAN CRISTOBAL',7,'-');
INSERT INTO FEL_SV_TBL_MUNICIPIO (CODIGO, VALOR, ID_DEPARTAMENTO, VALOR_JDE) VALUES ('09','SAN J GUAYABAL',7,'-');
INSERT INTO FEL_SV_TBL_MUNICIPIO (CODIGO, VALOR, ID_DEPARTAMENTO, VALOR_JDE) VALUES ('10','SAN P PERULAPAN',7,'-');
INSERT INTO FEL_SV_TBL_MUNICIPIO (CODIGO, VALOR, ID_DEPARTAMENTO, VALOR_JDE) VALUES ('11','SAN RAF CEDROS',7,'-');
INSERT INTO FEL_SV_TBL_MUNICIPIO (CODIGO, VALOR, ID_DEPARTAMENTO, VALOR_JDE) VALUES ('12','SAN RAMON',7,'-');
INSERT INTO FEL_SV_TBL_MUNICIPIO (CODIGO, VALOR, ID_DEPARTAMENTO, VALOR_JDE) VALUES ('13','STA C ANALQUITO',7,'-');
INSERT INTO FEL_SV_TBL_MUNICIPIO (CODIGO, VALOR, ID_DEPARTAMENTO, VALOR_JDE) VALUES ('14','STA C MICHAPA',7,'-');
INSERT INTO FEL_SV_TBL_MUNICIPIO (CODIGO, VALOR, ID_DEPARTAMENTO, VALOR_JDE) VALUES ('15','SUCHITOTO',7,'-');
INSERT INTO FEL_SV_TBL_MUNICIPIO (CODIGO, VALOR, ID_DEPARTAMENTO, VALOR_JDE) VALUES ('16','TENANCINGO',7,'-');
INSERT INTO FEL_SV_TBL_MUNICIPIO (CODIGO, VALOR, ID_DEPARTAMENTO, VALOR_JDE) VALUES ('01','CUYULTITAN',8,'-');
INSERT INTO FEL_SV_TBL_MUNICIPIO (CODIGO, VALOR, ID_DEPARTAMENTO, VALOR_JDE) VALUES ('02','EL ROSARIO',8,'-');
INSERT INTO FEL_SV_TBL_MUNICIPIO (CODIGO, VALOR, ID_DEPARTAMENTO, VALOR_JDE) VALUES ('03','JERUSALEN',8,'-');
INSERT INTO FEL_SV_TBL_MUNICIPIO (CODIGO, VALOR, ID_DEPARTAMENTO, VALOR_JDE) VALUES ('04','MERCED LA CEIBA',8,'-');
INSERT INTO FEL_SV_TBL_MUNICIPIO (CODIGO, VALOR, ID_DEPARTAMENTO, VALOR_JDE) VALUES ('05','OLOCUILTA',8,'-');
INSERT INTO FEL_SV_TBL_MUNICIPIO (CODIGO, VALOR, ID_DEPARTAMENTO, VALOR_JDE) VALUES ('06','PARAISO OSORIO',8,'-');
INSERT INTO FEL_SV_TBL_MUNICIPIO (CODIGO, VALOR, ID_DEPARTAMENTO, VALOR_JDE) VALUES ('07','SN ANT MASAHUAT',8,'-');
INSERT INTO FEL_SV_TBL_MUNICIPIO (CODIGO, VALOR, ID_DEPARTAMENTO, VALOR_JDE) VALUES ('08','SAN EMIGDIO',8,'-');
INSERT INTO FEL_SV_TBL_MUNICIPIO (CODIGO, VALOR, ID_DEPARTAMENTO, VALOR_JDE) VALUES ('09','SN FCO CHINAMEC',8,'-');
INSERT INTO FEL_SV_TBL_MUNICIPIO (CODIGO, VALOR, ID_DEPARTAMENTO, VALOR_JDE) VALUES ('10','SAN J NONUALCO',8,'-');
INSERT INTO FEL_SV_TBL_MUNICIPIO (CODIGO, VALOR, ID_DEPARTAMENTO, VALOR_JDE) VALUES ('11','SAN JUAN TALPA',8,'-');
INSERT INTO FEL_SV_TBL_MUNICIPIO (CODIGO, VALOR, ID_DEPARTAMENTO, VALOR_JDE) VALUES ('12','SAN JUAN TEPEZONTES',8,'-');
INSERT INTO FEL_SV_TBL_MUNICIPIO (CODIGO, VALOR, ID_DEPARTAMENTO, VALOR_JDE) VALUES ('13','SAN LUIS TALPA',8,'-');
INSERT INTO FEL_SV_TBL_MUNICIPIO (CODIGO, VALOR, ID_DEPARTAMENTO, VALOR_JDE) VALUES ('14','SAN MIGUEL TEPEZONTES',8,'-');
INSERT INTO FEL_SV_TBL_MUNICIPIO (CODIGO, VALOR, ID_DEPARTAMENTO, VALOR_JDE) VALUES ('15','SAN PEDRO MASAHUAT',8,'-');
INSERT INTO FEL_SV_TBL_MUNICIPIO (CODIGO, VALOR, ID_DEPARTAMENTO, VALOR_JDE) VALUES ('16','SAN PEDRO NONUALCO',8,'-');
INSERT INTO FEL_SV_TBL_MUNICIPIO (CODIGO, VALOR, ID_DEPARTAMENTO, VALOR_JDE) VALUES ('17','SAN R OBRAJUELO',8,'-');
INSERT INTO FEL_SV_TBL_MUNICIPIO (CODIGO, VALOR, ID_DEPARTAMENTO, VALOR_JDE) VALUES ('18','STA MA OSTUMA',8,'-');
INSERT INTO FEL_SV_TBL_MUNICIPIO (CODIGO, VALOR, ID_DEPARTAMENTO, VALOR_JDE) VALUES ('19','STGO NONUALCO',8,'-');
INSERT INTO FEL_SV_TBL_MUNICIPIO (CODIGO, VALOR, ID_DEPARTAMENTO, VALOR_JDE) VALUES ('20','TAPALHUACA',8,'-');
INSERT INTO FEL_SV_TBL_MUNICIPIO (CODIGO, VALOR, ID_DEPARTAMENTO, VALOR_JDE) VALUES ('21','ZACATECOLUCA',8,'-');
INSERT INTO FEL_SV_TBL_MUNICIPIO (CODIGO, VALOR, ID_DEPARTAMENTO, VALOR_JDE) VALUES ('22','SN LUIS LA HERR',8,'-');
INSERT INTO FEL_SV_TBL_MUNICIPIO (CODIGO, VALOR, ID_DEPARTAMENTO, VALOR_JDE) VALUES ('01','CINQUERA',9,'-');
INSERT INTO FEL_SV_TBL_MUNICIPIO (CODIGO, VALOR, ID_DEPARTAMENTO, VALOR_JDE) VALUES ('02','GUACOTECTI',9,'-');
INSERT INTO FEL_SV_TBL_MUNICIPIO (CODIGO, VALOR, ID_DEPARTAMENTO, VALOR_JDE) VALUES ('03','ILOBASCO',9,'-');
INSERT INTO FEL_SV_TBL_MUNICIPIO (CODIGO, VALOR, ID_DEPARTAMENTO, VALOR_JDE) VALUES ('04','JUTIAPA',9,'-');
INSERT INTO FEL_SV_TBL_MUNICIPIO (CODIGO, VALOR, ID_DEPARTAMENTO, VALOR_JDE) VALUES ('05','SAN ISIDRO',9,'-');
INSERT INTO FEL_SV_TBL_MUNICIPIO (CODIGO, VALOR, ID_DEPARTAMENTO, VALOR_JDE) VALUES ('06','SENSUNTEPEQUE',9,'-');
INSERT INTO FEL_SV_TBL_MUNICIPIO (CODIGO, VALOR, ID_DEPARTAMENTO, VALOR_JDE) VALUES ('07','TEJUTEPEQUE',9,'-');
INSERT INTO FEL_SV_TBL_MUNICIPIO (CODIGO, VALOR, ID_DEPARTAMENTO, VALOR_JDE) VALUES ('08','VICTORIA',9,'-');
INSERT INTO FEL_SV_TBL_MUNICIPIO (CODIGO, VALOR, ID_DEPARTAMENTO, VALOR_JDE) VALUES ('09','DOLORES',9,'-');
INSERT INTO FEL_SV_TBL_MUNICIPIO (CODIGO, VALOR, ID_DEPARTAMENTO, VALOR_JDE) VALUES ('01','APASTEPEQUE',10,'-');
INSERT INTO FEL_SV_TBL_MUNICIPIO (CODIGO, VALOR, ID_DEPARTAMENTO, VALOR_JDE) VALUES ('02','GUADALUPE',10,'-');
INSERT INTO FEL_SV_TBL_MUNICIPIO (CODIGO, VALOR, ID_DEPARTAMENTO, VALOR_JDE) VALUES ('03','SAN CAY ISTEPEQ',10,'-');
INSERT INTO FEL_SV_TBL_MUNICIPIO (CODIGO, VALOR, ID_DEPARTAMENTO, VALOR_JDE) VALUES ('04','SANTA CLARA',10,'-');
INSERT INTO FEL_SV_TBL_MUNICIPIO (CODIGO, VALOR, ID_DEPARTAMENTO, VALOR_JDE) VALUES ('05','SANTO DOMINGO',10,'-');
INSERT INTO FEL_SV_TBL_MUNICIPIO (CODIGO, VALOR, ID_DEPARTAMENTO, VALOR_JDE) VALUES ('06','SN EST CATARINA',10,'-');
INSERT INTO FEL_SV_TBL_MUNICIPIO (CODIGO, VALOR, ID_DEPARTAMENTO, VALOR_JDE) VALUES ('07','SAN ILDEFONSO',10,'-');
INSERT INTO FEL_SV_TBL_MUNICIPIO (CODIGO, VALOR, ID_DEPARTAMENTO, VALOR_JDE) VALUES ('08','SAN LORENZO',10,'-');
INSERT INTO FEL_SV_TBL_MUNICIPIO (CODIGO, VALOR, ID_DEPARTAMENTO, VALOR_JDE) VALUES ('09','SAN SEBASTIAN',10,'-');
INSERT INTO FEL_SV_TBL_MUNICIPIO (CODIGO, VALOR, ID_DEPARTAMENTO, VALOR_JDE) VALUES ('10','SAN VICENTE',10,'-');
INSERT INTO FEL_SV_TBL_MUNICIPIO (CODIGO, VALOR, ID_DEPARTAMENTO, VALOR_JDE) VALUES ('11','TECOLUCA',10,'-');
INSERT INTO FEL_SV_TBL_MUNICIPIO (CODIGO, VALOR, ID_DEPARTAMENTO, VALOR_JDE) VALUES ('12','TEPETITAN',10,'-');
INSERT INTO FEL_SV_TBL_MUNICIPIO (CODIGO, VALOR, ID_DEPARTAMENTO, VALOR_JDE) VALUES ('13','VERAPAZ',10,'-');
INSERT INTO FEL_SV_TBL_MUNICIPIO (CODIGO, VALOR, ID_DEPARTAMENTO, VALOR_JDE) VALUES ('01','ALEGRIA',11,'-');
INSERT INTO FEL_SV_TBL_MUNICIPIO (CODIGO, VALOR, ID_DEPARTAMENTO, VALOR_JDE) VALUES ('02','BERLIN',11,'-');
INSERT INTO FEL_SV_TBL_MUNICIPIO (CODIGO, VALOR, ID_DEPARTAMENTO, VALOR_JDE) VALUES ('03','CALIFORNIA',11,'-');
INSERT INTO FEL_SV_TBL_MUNICIPIO (CODIGO, VALOR, ID_DEPARTAMENTO, VALOR_JDE) VALUES ('04','CONCEP BATRES',11,'-');
INSERT INTO FEL_SV_TBL_MUNICIPIO (CODIGO, VALOR, ID_DEPARTAMENTO, VALOR_JDE) VALUES ('05','EL TRIUNFO',11,'-');
INSERT INTO FEL_SV_TBL_MUNICIPIO (CODIGO, VALOR, ID_DEPARTAMENTO, VALOR_JDE) VALUES ('06','EREGUAYQUIN',11,'-');
INSERT INTO FEL_SV_TBL_MUNICIPIO (CODIGO, VALOR, ID_DEPARTAMENTO, VALOR_JDE) VALUES ('07','ESTANZUELAS',11,'-');
INSERT INTO FEL_SV_TBL_MUNICIPIO (CODIGO, VALOR, ID_DEPARTAMENTO, VALOR_JDE) VALUES ('08','JIQUILISCO',11,'-');
INSERT INTO FEL_SV_TBL_MUNICIPIO (CODIGO, VALOR, ID_DEPARTAMENTO, VALOR_JDE) VALUES ('09','JUCUAPA',11,'-');
INSERT INTO FEL_SV_TBL_MUNICIPIO (CODIGO, VALOR, ID_DEPARTAMENTO, VALOR_JDE) VALUES ('10','JUCUARAN',11,'-');
INSERT INTO FEL_SV_TBL_MUNICIPIO (CODIGO, VALOR, ID_DEPARTAMENTO, VALOR_JDE) VALUES ('11','MERCEDES UMAÑA',11,'-');
INSERT INTO FEL_SV_TBL_MUNICIPIO (CODIGO, VALOR, ID_DEPARTAMENTO, VALOR_JDE) VALUES ('12','NUEVA GRANADA',11,'-');
INSERT INTO FEL_SV_TBL_MUNICIPIO (CODIGO, VALOR, ID_DEPARTAMENTO, VALOR_JDE) VALUES ('13','OZATLAN',11,'-');
INSERT INTO FEL_SV_TBL_MUNICIPIO (CODIGO, VALOR, ID_DEPARTAMENTO, VALOR_JDE) VALUES ('14','PTO EL TRIUNFO',11,'-');
INSERT INTO FEL_SV_TBL_MUNICIPIO (CODIGO, VALOR, ID_DEPARTAMENTO, VALOR_JDE) VALUES ('15','SAN AGUSTIN',11,'-');
INSERT INTO FEL_SV_TBL_MUNICIPIO (CODIGO, VALOR, ID_DEPARTAMENTO, VALOR_JDE) VALUES ('16','SN BUENAVENTURA',11,'-');
INSERT INTO FEL_SV_TBL_MUNICIPIO (CODIGO, VALOR, ID_DEPARTAMENTO, VALOR_JDE) VALUES ('17','SAN DIONISIO',11,'-');
INSERT INTO FEL_SV_TBL_MUNICIPIO (CODIGO, VALOR, ID_DEPARTAMENTO, VALOR_JDE) VALUES ('18','SANTA ELENA',11,'-');
INSERT INTO FEL_SV_TBL_MUNICIPIO (CODIGO, VALOR, ID_DEPARTAMENTO, VALOR_JDE) VALUES ('19','SAN FCO JAVIER',11,'-');
INSERT INTO FEL_SV_TBL_MUNICIPIO (CODIGO, VALOR, ID_DEPARTAMENTO, VALOR_JDE) VALUES ('20','SANTA MARIA',11,'-');
INSERT INTO FEL_SV_TBL_MUNICIPIO (CODIGO, VALOR, ID_DEPARTAMENTO, VALOR_JDE) VALUES ('21','STGO DE MARIA',11,'-');
INSERT INTO FEL_SV_TBL_MUNICIPIO (CODIGO, VALOR, ID_DEPARTAMENTO, VALOR_JDE) VALUES ('22','TECAPAN',11,'-');
INSERT INTO FEL_SV_TBL_MUNICIPIO (CODIGO, VALOR, ID_DEPARTAMENTO, VALOR_JDE) VALUES ('23','USULUTAN',11,'-');
INSERT INTO FEL_SV_TBL_MUNICIPIO (CODIGO, VALOR, ID_DEPARTAMENTO, VALOR_JDE) VALUES ('01','CAROLINA',12,'-');
INSERT INTO FEL_SV_TBL_MUNICIPIO (CODIGO, VALOR, ID_DEPARTAMENTO, VALOR_JDE) VALUES ('02','CIUDAD BARRIOS',12,'-');
INSERT INTO FEL_SV_TBL_MUNICIPIO (CODIGO, VALOR, ID_DEPARTAMENTO, VALOR_JDE) VALUES ('03','COMACARAN',12,'-');
INSERT INTO FEL_SV_TBL_MUNICIPIO (CODIGO, VALOR, ID_DEPARTAMENTO, VALOR_JDE) VALUES ('04','CHAPELTIQUE',12,'-');
INSERT INTO FEL_SV_TBL_MUNICIPIO (CODIGO, VALOR, ID_DEPARTAMENTO, VALOR_JDE) VALUES ('05','CHINAMECA',12,'-');
INSERT INTO FEL_SV_TBL_MUNICIPIO (CODIGO, VALOR, ID_DEPARTAMENTO, VALOR_JDE) VALUES ('06','CHIRILAGUA',12,'-');
INSERT INTO FEL_SV_TBL_MUNICIPIO (CODIGO, VALOR, ID_DEPARTAMENTO, VALOR_JDE) VALUES ('07','EL TRANSITO',12,'-');
INSERT INTO FEL_SV_TBL_MUNICIPIO (CODIGO, VALOR, ID_DEPARTAMENTO, VALOR_JDE) VALUES ('08','LOLOTIQUE',12,'-');
INSERT INTO FEL_SV_TBL_MUNICIPIO (CODIGO, VALOR, ID_DEPARTAMENTO, VALOR_JDE) VALUES ('09','MONCAGUA',12,'-');
INSERT INTO FEL_SV_TBL_MUNICIPIO (CODIGO, VALOR, ID_DEPARTAMENTO, VALOR_JDE) VALUES ('10','NUEVA GUADALUPE',12,'-');
INSERT INTO FEL_SV_TBL_MUNICIPIO (CODIGO, VALOR, ID_DEPARTAMENTO, VALOR_JDE) VALUES ('11','NVO EDEN S JUAN',12,'-');
INSERT INTO FEL_SV_TBL_MUNICIPIO (CODIGO, VALOR, ID_DEPARTAMENTO, VALOR_JDE) VALUES ('12','QUELEPA',12,'-');
INSERT INTO FEL_SV_TBL_MUNICIPIO (CODIGO, VALOR, ID_DEPARTAMENTO, VALOR_JDE) VALUES ('13','SAN ANT D MOSCO',12,'-');
INSERT INTO FEL_SV_TBL_MUNICIPIO (CODIGO, VALOR, ID_DEPARTAMENTO, VALOR_JDE) VALUES ('14','SAN GERARDO',12,'-');
INSERT INTO FEL_SV_TBL_MUNICIPIO (CODIGO, VALOR, ID_DEPARTAMENTO, VALOR_JDE) VALUES ('15','SAN JORGE',12,'-');
INSERT INTO FEL_SV_TBL_MUNICIPIO (CODIGO, VALOR, ID_DEPARTAMENTO, VALOR_JDE) VALUES ('16','SAN LUIS REINA',12,'-');
INSERT INTO FEL_SV_TBL_MUNICIPIO (CODIGO, VALOR, ID_DEPARTAMENTO, VALOR_JDE) VALUES ('17','SAN MIGUEL',12,'-');
INSERT INTO FEL_SV_TBL_MUNICIPIO (CODIGO, VALOR, ID_DEPARTAMENTO, VALOR_JDE) VALUES ('18','SAN RAF ORIENTE',12,'-');
INSERT INTO FEL_SV_TBL_MUNICIPIO (CODIGO, VALOR, ID_DEPARTAMENTO, VALOR_JDE) VALUES ('19','SESORI',12,'-');
INSERT INTO FEL_SV_TBL_MUNICIPIO (CODIGO, VALOR, ID_DEPARTAMENTO, VALOR_JDE) VALUES ('20','ULUAZAPA',12,'-');
INSERT INTO FEL_SV_TBL_MUNICIPIO (CODIGO, VALOR, ID_DEPARTAMENTO, VALOR_JDE) VALUES ('01','ARAMBALA',13,'-');
INSERT INTO FEL_SV_TBL_MUNICIPIO (CODIGO, VALOR, ID_DEPARTAMENTO, VALOR_JDE) VALUES ('02','CACAOPERA',13,'-');
INSERT INTO FEL_SV_TBL_MUNICIPIO (CODIGO, VALOR, ID_DEPARTAMENTO, VALOR_JDE) VALUES ('03','CORINTO',13,'-');
INSERT INTO FEL_SV_TBL_MUNICIPIO (CODIGO, VALOR, ID_DEPARTAMENTO, VALOR_JDE) VALUES ('04','CHILANGA',13,'-');
INSERT INTO FEL_SV_TBL_MUNICIPIO (CODIGO, VALOR, ID_DEPARTAMENTO, VALOR_JDE) VALUES ('05','DELIC DE CONCEP',13,'-');
INSERT INTO FEL_SV_TBL_MUNICIPIO (CODIGO, VALOR, ID_DEPARTAMENTO, VALOR_JDE) VALUES ('06','EL DIVISADERO',13,'-');
INSERT INTO FEL_SV_TBL_MUNICIPIO (CODIGO, VALOR, ID_DEPARTAMENTO, VALOR_JDE) VALUES ('07','EL ROSARIO',13,'-');
INSERT INTO FEL_SV_TBL_MUNICIPIO (CODIGO, VALOR, ID_DEPARTAMENTO, VALOR_JDE) VALUES ('08','GUALOCOCTI',13,'-');
INSERT INTO FEL_SV_TBL_MUNICIPIO (CODIGO, VALOR, ID_DEPARTAMENTO, VALOR_JDE) VALUES ('09','GUATAJIAGUA',13,'-');
INSERT INTO FEL_SV_TBL_MUNICIPIO (CODIGO, VALOR, ID_DEPARTAMENTO, VALOR_JDE) VALUES ('10','JOATECA',13,'-');
INSERT INTO FEL_SV_TBL_MUNICIPIO (CODIGO, VALOR, ID_DEPARTAMENTO, VALOR_JDE) VALUES ('11','JOCOAITIQUE',13,'-');
INSERT INTO FEL_SV_TBL_MUNICIPIO (CODIGO, VALOR, ID_DEPARTAMENTO, VALOR_JDE) VALUES ('12','JOCORO',13,'-');
INSERT INTO FEL_SV_TBL_MUNICIPIO (CODIGO, VALOR, ID_DEPARTAMENTO, VALOR_JDE) VALUES ('13','LOLOTIQUILLO',13,'-');
INSERT INTO FEL_SV_TBL_MUNICIPIO (CODIGO, VALOR, ID_DEPARTAMENTO, VALOR_JDE) VALUES ('14','MEANGUERA',13,'-');
INSERT INTO FEL_SV_TBL_MUNICIPIO (CODIGO, VALOR, ID_DEPARTAMENTO, VALOR_JDE) VALUES ('15','OSICALA',13,'-');
INSERT INTO FEL_SV_TBL_MUNICIPIO (CODIGO, VALOR, ID_DEPARTAMENTO, VALOR_JDE) VALUES ('16','PERQUIN',13,'-');
INSERT INTO FEL_SV_TBL_MUNICIPIO (CODIGO, VALOR, ID_DEPARTAMENTO, VALOR_JDE) VALUES ('17','SAN CARLOS',13,'-');
INSERT INTO FEL_SV_TBL_MUNICIPIO (CODIGO, VALOR, ID_DEPARTAMENTO, VALOR_JDE) VALUES ('18','SAN FERNANDO',13,'-');
INSERT INTO FEL_SV_TBL_MUNICIPIO (CODIGO, VALOR, ID_DEPARTAMENTO, VALOR_JDE) VALUES ('19','SAN FCO GOTERA',13,'-');
INSERT INTO FEL_SV_TBL_MUNICIPIO (CODIGO, VALOR, ID_DEPARTAMENTO, VALOR_JDE) VALUES ('20','SAN ISIDRO',13,'-');
INSERT INTO FEL_SV_TBL_MUNICIPIO (CODIGO, VALOR, ID_DEPARTAMENTO, VALOR_JDE) VALUES ('21','SAN SIMON',13,'-');
INSERT INTO FEL_SV_TBL_MUNICIPIO (CODIGO, VALOR, ID_DEPARTAMENTO, VALOR_JDE) VALUES ('22','SENSEMBRA',13,'-');
INSERT INTO FEL_SV_TBL_MUNICIPIO (CODIGO, VALOR, ID_DEPARTAMENTO, VALOR_JDE) VALUES ('23','SOCIEDAD',13,'-');
INSERT INTO FEL_SV_TBL_MUNICIPIO (CODIGO, VALOR, ID_DEPARTAMENTO, VALOR_JDE) VALUES ('24','TOROLA',13,'-');
INSERT INTO FEL_SV_TBL_MUNICIPIO (CODIGO, VALOR, ID_DEPARTAMENTO, VALOR_JDE) VALUES ('25','YAMABAL',13,'-');
INSERT INTO FEL_SV_TBL_MUNICIPIO (CODIGO, VALOR, ID_DEPARTAMENTO, VALOR_JDE) VALUES ('26','YOLOAIQUIN',13,'-');
INSERT INTO FEL_SV_TBL_MUNICIPIO (CODIGO, VALOR, ID_DEPARTAMENTO, VALOR_JDE) VALUES ('01','ANAMOROS',14,'-');
INSERT INTO FEL_SV_TBL_MUNICIPIO (CODIGO, VALOR, ID_DEPARTAMENTO, VALOR_JDE) VALUES ('02','BOLIVAR',14,'-');
INSERT INTO FEL_SV_TBL_MUNICIPIO (CODIGO, VALOR, ID_DEPARTAMENTO, VALOR_JDE) VALUES ('03','CONCEP DE OTE',14,'-');
INSERT INTO FEL_SV_TBL_MUNICIPIO (CODIGO, VALOR, ID_DEPARTAMENTO, VALOR_JDE) VALUES ('04','CONCHAGUA',14,'-');
INSERT INTO FEL_SV_TBL_MUNICIPIO (CODIGO, VALOR, ID_DEPARTAMENTO, VALOR_JDE) VALUES ('05','EL CARMEN',14,'-');
INSERT INTO FEL_SV_TBL_MUNICIPIO (CODIGO, VALOR, ID_DEPARTAMENTO, VALOR_JDE) VALUES ('06','EL SAUCE',14,'-');
INSERT INTO FEL_SV_TBL_MUNICIPIO (CODIGO, VALOR, ID_DEPARTAMENTO, VALOR_JDE) VALUES ('07','INTIPUCA',14,'-');
INSERT INTO FEL_SV_TBL_MUNICIPIO (CODIGO, VALOR, ID_DEPARTAMENTO, VALOR_JDE) VALUES ('08','LA UNION',14,'-');
INSERT INTO FEL_SV_TBL_MUNICIPIO (CODIGO, VALOR, ID_DEPARTAMENTO, VALOR_JDE) VALUES ('09','LISLIQUE',14,'-');
INSERT INTO FEL_SV_TBL_MUNICIPIO (CODIGO, VALOR, ID_DEPARTAMENTO, VALOR_JDE) VALUES ('10','MEANG DEL GOLFO',14,'-');
INSERT INTO FEL_SV_TBL_MUNICIPIO (CODIGO, VALOR, ID_DEPARTAMENTO, VALOR_JDE) VALUES ('11','NUEVA ESPARTA',14,'-');
INSERT INTO FEL_SV_TBL_MUNICIPIO (CODIGO, VALOR, ID_DEPARTAMENTO, VALOR_JDE) VALUES ('12','PASAQUINA',14,'-');
INSERT INTO FEL_SV_TBL_MUNICIPIO (CODIGO, VALOR, ID_DEPARTAMENTO, VALOR_JDE) VALUES ('13','POLOROS',14,'-');
INSERT INTO FEL_SV_TBL_MUNICIPIO (CODIGO, VALOR, ID_DEPARTAMENTO, VALOR_JDE) VALUES ('14','SAN ALEJO',14,'-');
INSERT INTO FEL_SV_TBL_MUNICIPIO (CODIGO, VALOR, ID_DEPARTAMENTO, VALOR_JDE) VALUES ('15','SAN JOSE',14,'-');
INSERT INTO FEL_SV_TBL_MUNICIPIO (CODIGO, VALOR, ID_DEPARTAMENTO, VALOR_JDE) VALUES ('16','SANTA ROSA LIMA',14,'-');
INSERT INTO FEL_SV_TBL_MUNICIPIO (CODIGO, VALOR, ID_DEPARTAMENTO, VALOR_JDE) VALUES ('17','YAYANTIQUE',14,'-');
INSERT INTO FEL_SV_TBL_MUNICIPIO (CODIGO, VALOR, ID_DEPARTAMENTO, VALOR_JDE) VALUES ('18','YUCUAIQUIN',14,'-');

INSERT INTO FEL_SV_TBL_UNIDAD_MEDIDA (CODIGO, VALOR, VALOR_JDE) VALUES ('01', 'Metro', '-');
INSERT INTO FEL_SV_TBL_UNIDAD_MEDIDA (CODIGO, VALOR, VALOR_JDE) VALUES ('02', 'Yarda', '-');
INSERT INTO FEL_SV_TBL_UNIDAD_MEDIDA (CODIGO, VALOR, VALOR_JDE) VALUES ('03', 'Vara', '-');
INSERT INTO FEL_SV_TBL_UNIDAD_MEDIDA (CODIGO, VALOR, VALOR_JDE) VALUES ('04', 'Pie', '-');
INSERT INTO FEL_SV_TBL_UNIDAD_MEDIDA (CODIGO, VALOR, VALOR_JDE) VALUES ('05', 'Pulgada', '-');
INSERT INTO FEL_SV_TBL_UNIDAD_MEDIDA (CODIGO, VALOR, VALOR_JDE) VALUES ('06', 'Milímetro', '-');
INSERT INTO FEL_SV_TBL_UNIDAD_MEDIDA (CODIGO, VALOR, VALOR_JDE) VALUES ('08', 'Milla cuadrada', '-');
INSERT INTO FEL_SV_TBL_UNIDAD_MEDIDA (CODIGO, VALOR, VALOR_JDE) VALUES ('09', 'Kilómetro cuadrado', '-');
INSERT INTO FEL_SV_TBL_UNIDAD_MEDIDA (CODIGO, VALOR, VALOR_JDE) VALUES ('10', 'Hectárea', '-');
INSERT INTO FEL_SV_TBL_UNIDAD_MEDIDA (CODIGO, VALOR, VALOR_JDE) VALUES ('11', 'Manzana', '-');
INSERT INTO FEL_SV_TBL_UNIDAD_MEDIDA (CODIGO, VALOR, VALOR_JDE) VALUES ('12', 'Acre', '-');
INSERT INTO FEL_SV_TBL_UNIDAD_MEDIDA (CODIGO, VALOR, VALOR_JDE) VALUES ('13', 'Metro cuadrado', '-');
INSERT INTO FEL_SV_TBL_UNIDAD_MEDIDA (CODIGO, VALOR, VALOR_JDE) VALUES ('14', 'Yarda cuadrada', '-');
INSERT INTO FEL_SV_TBL_UNIDAD_MEDIDA (CODIGO, VALOR, VALOR_JDE) VALUES ('15', 'Vara cuadrada', '-');
INSERT INTO FEL_SV_TBL_UNIDAD_MEDIDA (CODIGO, VALOR, VALOR_JDE) VALUES ('16', 'Pie cuadrado', '-');
INSERT INTO FEL_SV_TBL_UNIDAD_MEDIDA (CODIGO, VALOR, VALOR_JDE) VALUES ('17', 'Pulgada cuadrada', '-');
INSERT INTO FEL_SV_TBL_UNIDAD_MEDIDA (CODIGO, VALOR, VALOR_JDE) VALUES ('18', 'Metro cúbico', '-');
INSERT INTO FEL_SV_TBL_UNIDAD_MEDIDA (CODIGO, VALOR, VALOR_JDE) VALUES ('19', 'Yarda cúbica', '-');
INSERT INTO FEL_SV_TBL_UNIDAD_MEDIDA (CODIGO, VALOR, VALOR_JDE) VALUES ('20', 'Barril', '-');
INSERT INTO FEL_SV_TBL_UNIDAD_MEDIDA (CODIGO, VALOR, VALOR_JDE) VALUES ('21', 'Pie cúbico', '-');
INSERT INTO FEL_SV_TBL_UNIDAD_MEDIDA (CODIGO, VALOR, VALOR_JDE) VALUES ('22', 'Galón', 'AG');
INSERT INTO FEL_SV_TBL_UNIDAD_MEDIDA (CODIGO, VALOR, VALOR_JDE) VALUES ('23', 'Litro', '-');
INSERT INTO FEL_SV_TBL_UNIDAD_MEDIDA (CODIGO, VALOR, VALOR_JDE) VALUES ('24', 'Botella', '-');
INSERT INTO FEL_SV_TBL_UNIDAD_MEDIDA (CODIGO, VALOR, VALOR_JDE) VALUES ('25', 'Pulgada cúbica', '-');
INSERT INTO FEL_SV_TBL_UNIDAD_MEDIDA (CODIGO, VALOR, VALOR_JDE) VALUES ('26', 'Mililitro', '-');
INSERT INTO FEL_SV_TBL_UNIDAD_MEDIDA (CODIGO, VALOR, VALOR_JDE) VALUES ('27', 'Onza fluida', '-');
INSERT INTO FEL_SV_TBL_UNIDAD_MEDIDA (CODIGO, VALOR, VALOR_JDE) VALUES ('29', 'Tonelada métrica', '-');
INSERT INTO FEL_SV_TBL_UNIDAD_MEDIDA (CODIGO, VALOR, VALOR_JDE) VALUES ('30', 'Tonelada', '-');
INSERT INTO FEL_SV_TBL_UNIDAD_MEDIDA (CODIGO, VALOR, VALOR_JDE) VALUES ('31', 'Quintal métrico', '-');
INSERT INTO FEL_SV_TBL_UNIDAD_MEDIDA (CODIGO, VALOR, VALOR_JDE) VALUES ('32', 'Quintal', '-');
INSERT INTO FEL_SV_TBL_UNIDAD_MEDIDA (CODIGO, VALOR, VALOR_JDE) VALUES ('33', 'Arroba', '-');
INSERT INTO FEL_SV_TBL_UNIDAD_MEDIDA (CODIGO, VALOR, VALOR_JDE) VALUES ('34', 'Kilogramo', '-');
INSERT INTO FEL_SV_TBL_UNIDAD_MEDIDA (CODIGO, VALOR, VALOR_JDE) VALUES ('35', 'Libra troy', '-');
INSERT INTO FEL_SV_TBL_UNIDAD_MEDIDA (CODIGO, VALOR, VALOR_JDE) VALUES ('36', 'Libra', '-');
INSERT INTO FEL_SV_TBL_UNIDAD_MEDIDA (CODIGO, VALOR, VALOR_JDE) VALUES ('37', 'Onza troy', '-');
INSERT INTO FEL_SV_TBL_UNIDAD_MEDIDA (CODIGO, VALOR, VALOR_JDE) VALUES ('38', 'Onza', '-');
INSERT INTO FEL_SV_TBL_UNIDAD_MEDIDA (CODIGO, VALOR, VALOR_JDE) VALUES ('39', 'Gramo', '-');
INSERT INTO FEL_SV_TBL_UNIDAD_MEDIDA (CODIGO, VALOR, VALOR_JDE) VALUES ('40', 'Miligramo', '-');
INSERT INTO FEL_SV_TBL_UNIDAD_MEDIDA (CODIGO, VALOR, VALOR_JDE) VALUES ('42', 'Megawatt', '-');
INSERT INTO FEL_SV_TBL_UNIDAD_MEDIDA (CODIGO, VALOR, VALOR_JDE) VALUES ('43', 'Kilowatt', '-');
INSERT INTO FEL_SV_TBL_UNIDAD_MEDIDA (CODIGO, VALOR, VALOR_JDE) VALUES ('44', 'Watt', '-');
INSERT INTO FEL_SV_TBL_UNIDAD_MEDIDA (CODIGO, VALOR, VALOR_JDE) VALUES ('45', 'Megavoltio-amperio', '-');
INSERT INTO FEL_SV_TBL_UNIDAD_MEDIDA (CODIGO, VALOR, VALOR_JDE) VALUES ('46', 'Kilovoltio-amperio', '-');
INSERT INTO FEL_SV_TBL_UNIDAD_MEDIDA (CODIGO, VALOR, VALOR_JDE) VALUES ('47', 'Voltio-amperio', '-');
INSERT INTO FEL_SV_TBL_UNIDAD_MEDIDA (CODIGO, VALOR, VALOR_JDE) VALUES ('49', 'Gigawatt-hora', '-');
INSERT INTO FEL_SV_TBL_UNIDAD_MEDIDA (CODIGO, VALOR, VALOR_JDE) VALUES ('50', 'Megawatt-hora', '-');
INSERT INTO FEL_SV_TBL_UNIDAD_MEDIDA (CODIGO, VALOR, VALOR_JDE) VALUES ('51', 'Kilowatt-hora', '-');
INSERT INTO FEL_SV_TBL_UNIDAD_MEDIDA (CODIGO, VALOR, VALOR_JDE) VALUES ('52', 'Watt-hora', '-');
INSERT INTO FEL_SV_TBL_UNIDAD_MEDIDA (CODIGO, VALOR, VALOR_JDE) VALUES ('53', 'Kilovoltio', '-');
INSERT INTO FEL_SV_TBL_UNIDAD_MEDIDA (CODIGO, VALOR, VALOR_JDE) VALUES ('54', 'Voltio', '-');
INSERT INTO FEL_SV_TBL_UNIDAD_MEDIDA (CODIGO, VALOR, VALOR_JDE) VALUES ('55', 'Millar', '-');
INSERT INTO FEL_SV_TBL_UNIDAD_MEDIDA (CODIGO, VALOR, VALOR_JDE) VALUES ('56', 'Medio millar', '-');
INSERT INTO FEL_SV_TBL_UNIDAD_MEDIDA (CODIGO, VALOR, VALOR_JDE) VALUES ('57', 'Ciento', '-');
INSERT INTO FEL_SV_TBL_UNIDAD_MEDIDA (CODIGO, VALOR, VALOR_JDE) VALUES ('58', 'Docena', '-');
INSERT INTO FEL_SV_TBL_UNIDAD_MEDIDA (CODIGO, VALOR, VALOR_JDE) VALUES ('59', 'Unidad', '-');
INSERT INTO FEL_SV_TBL_UNIDAD_MEDIDA (CODIGO, VALOR, VALOR_JDE) VALUES ('99', 'Otra', '-');

INSERT INTO FEL_SV_TBL_TRIBUTO (CODIGO, VALOR, VALOR_JDE) VALUES ('1', 'Impuesto al Valor Agregado 13%', '-');
INSERT INTO FEL_SV_TBL_TRIBUTO (CODIGO, VALOR, VALOR_JDE) VALUES ('2', 'Impuesto al Valor Agregado (exportaciones) 0%', '-');
INSERT INTO FEL_SV_TBL_TRIBUTO (CODIGO, VALOR, VALOR_JDE) VALUES ('3', 'Retencion IVA 1%', '-');
INSERT INTO FEL_SV_TBL_TRIBUTO (CODIGO, VALOR, VALOR_JDE) VALUES ('4', 'Percepcion IVA 1%', '-');
INSERT INTO FEL_SV_TBL_TRIBUTO (CODIGO, VALOR, VALOR_JDE) VALUES ('5', 'Retencion IVA 13%', '-');
INSERT INTO FEL_SV_TBL_TRIBUTO (CODIGO, VALOR, VALOR_JDE) VALUES ('6', 'Percepción IVA 2% (Tarjetas de Crédito)', '-');
INSERT INTO FEL_SV_TBL_TRIBUTO (CODIGO, VALOR, VALOR_JDE) VALUES ('7', 'Percepción IVA del 5% (sobre precio del quintal molido o trillado aplicara cuando los quintales molidos o trillados superen los 2 quintales por operación)', '-');
INSERT INTO FEL_SV_TBL_TRIBUTO (CODIGO, VALOR, VALOR_JDE) VALUES ('8', 'Impuesto ad- valorem armas', '-');
INSERT INTO FEL_SV_TBL_TRIBUTO (CODIGO, VALOR, VALOR_JDE) VALUES ('9', 'Impuesto ad- valorem por diferencial de precios de Bebidas Alcohólicas (8%)', '-');
INSERT INTO FEL_SV_TBL_TRIBUTO (CODIGO, VALOR, VALOR_JDE) VALUES ('10', 'Impuesto ad- valorem por diferencial de precios al tabaco cigarrillos (39%)', '-');
INSERT INTO FEL_SV_TBL_TRIBUTO (CODIGO, VALOR, VALOR_JDE) VALUES ('11', 'Impuesto ad- valorem por diferencial de precios al tabaco cigarros (100%)', '-');
INSERT INTO FEL_SV_TBL_TRIBUTO (CODIGO, VALOR, VALOR_JDE) VALUES ('12', 'Turismo por alojamiento (5%)', '-');
INSERT INTO FEL_SV_TBL_TRIBUTO (CODIGO, VALOR, VALOR_JDE) VALUES ('13', 'FOVIAL ($0.20 por galón)', '-');
INSERT INTO FEL_SV_TBL_TRIBUTO (CODIGO, VALOR, VALOR_JDE) VALUES ('14', 'Retencion Renta (10%)', '-');
INSERT INTO FEL_SV_TBL_TRIBUTO (CODIGO, VALOR, VALOR_JDE) VALUES ('15', 'Otras Retenciones IVA casos especiales', '-');
INSERT INTO FEL_SV_TBL_TRIBUTO (CODIGO, VALOR, VALOR_JDE) VALUES ('16', 'Otras Percepciones IVA casos especiales', '-');
INSERT INTO FEL_SV_TBL_TRIBUTO (CODIGO, VALOR, VALOR_JDE) VALUES ('17', 'Otras Retenciones Renta casos especiales', '-');
INSERT INTO FEL_SV_TBL_TRIBUTO (CODIGO, VALOR, VALOR_JDE) VALUES ('18', 'Otros impuestos casos especiales', '-');
INSERT INTO FEL_SV_TBL_TRIBUTO (CODIGO, VALOR, VALOR_JDE) VALUES ('19', 'Otras tasas casos especiales', '-');
INSERT INTO FEL_SV_TBL_TRIBUTO (CODIGO, VALOR, VALOR_JDE) VALUES ('20', 'Otras contribuciones casos especiales', '-');

INSERT INTO FEL_SV_TBL_CONDICION_OPERACION (CODIGO, VALOR, VALOR_JDE) VALUES ('1', 'Contado', '-');
INSERT INTO FEL_SV_TBL_CONDICION_OPERACION (CODIGO, VALOR, VALOR_JDE) VALUES ('2', 'A Crédito', '-');
INSERT INTO FEL_SV_TBL_CONDICION_OPERACION (CODIGO, VALOR, VALOR_JDE) VALUES ('3', 'otro', '-');

INSERT INTO FEL_SV_TBL_FORMA_PAGO (CODIGO, VALOR, VALOR_JDE) VALUES ('01', 'Efectivo', '-');
INSERT INTO FEL_SV_TBL_FORMA_PAGO (CODIGO, VALOR, VALOR_JDE) VALUES ('02', 'Tarjeta Débito', '-');
INSERT INTO FEL_SV_TBL_FORMA_PAGO (CODIGO, VALOR, VALOR_JDE) VALUES ('03', 'Tarjeta Crédito', '-');
INSERT INTO FEL_SV_TBL_FORMA_PAGO (CODIGO, VALOR, VALOR_JDE) VALUES ('04', 'Cheque', '-');
INSERT INTO FEL_SV_TBL_FORMA_PAGO (CODIGO, VALOR, VALOR_JDE) VALUES ('05', 'Transferencia_Deposito Bancario', '-');
INSERT INTO FEL_SV_TBL_FORMA_PAGO (CODIGO, VALOR, VALOR_JDE) VALUES ('06', 'VALES o CUPONES', '-');
INSERT INTO FEL_SV_TBL_FORMA_PAGO (CODIGO, VALOR, VALOR_JDE) VALUES ('08', 'Dinero electronico', '-');
INSERT INTO FEL_SV_TBL_FORMA_PAGO (CODIGO, VALOR, VALOR_JDE) VALUES ('09', 'Monedero electronico', '-');
INSERT INTO FEL_SV_TBL_FORMA_PAGO (CODIGO, VALOR, VALOR_JDE) VALUES ('10', 'Certificado de regalo', '-');
INSERT INTO FEL_SV_TBL_FORMA_PAGO (CODIGO, VALOR, VALOR_JDE) VALUES ('99', 'Otros (se debe indicar el medio de pago)', '-');

INSERT INTO FEL_SV_TBL_PLAZO (CODIGO, VALOR, VALOR_JDE) VALUES ('01', 'Días', '-');
INSERT INTO FEL_SV_TBL_PLAZO (CODIGO, VALOR, VALOR_JDE) VALUES ('02', 'Meses', '-');
INSERT INTO FEL_SV_TBL_PLAZO (CODIGO, VALOR, VALOR_JDE) VALUES ('03', 'Años', '-');

INSERT INTO FEL_SV_TBL_ACTIVIDAD_ECONOMICA (CODIGO, VALOR, VALOR_JDE) VALUES ('1111','Cultivo de cereales excepto arroz y para forrajes', '-');
INSERT INTO FEL_SV_TBL_ACTIVIDAD_ECONOMICA (CODIGO, VALOR, VALOR_JDE) VALUES ('1112','Cultivo de legumbres', '-');
INSERT INTO FEL_SV_TBL_ACTIVIDAD_ECONOMICA (CODIGO, VALOR, VALOR_JDE) VALUES ('1113','Cultivo de semillas oleaginosas', '-');
INSERT INTO FEL_SV_TBL_ACTIVIDAD_ECONOMICA (CODIGO, VALOR, VALOR_JDE) VALUES ('1114','Cultivo de plantas para la preparación de semillas', '-');
INSERT INTO FEL_SV_TBL_ACTIVIDAD_ECONOMICA (CODIGO, VALOR, VALOR_JDE) VALUES ('1119','Cultivo de otros cereales excepto arroz y forrajeros n.c.p.', '-');
INSERT INTO FEL_SV_TBL_ACTIVIDAD_ECONOMICA (CODIGO, VALOR, VALOR_JDE) VALUES ('1120','Cultivo de arroz', '-');
INSERT INTO FEL_SV_TBL_ACTIVIDAD_ECONOMICA (CODIGO, VALOR, VALOR_JDE) VALUES ('1131','Cultivo de raíces y tubérculos', '-');
INSERT INTO FEL_SV_TBL_ACTIVIDAD_ECONOMICA (CODIGO, VALOR, VALOR_JDE) VALUES ('1132','Cultivo de brotes, bulbos, vegetales tubérculos y cultivos similares', '-');
INSERT INTO FEL_SV_TBL_ACTIVIDAD_ECONOMICA (CODIGO, VALOR, VALOR_JDE) VALUES ('1133','Cultivo hortícola de fruto', '-');
INSERT INTO FEL_SV_TBL_ACTIVIDAD_ECONOMICA (CODIGO, VALOR, VALOR_JDE) VALUES ('1134','Cultivo de hortalizas de hoja y otras hortalizas ncp', '-');
INSERT INTO FEL_SV_TBL_ACTIVIDAD_ECONOMICA (CODIGO, VALOR, VALOR_JDE) VALUES ('1140','Cultivo de caña de azúcar', '-');
INSERT INTO FEL_SV_TBL_ACTIVIDAD_ECONOMICA (CODIGO, VALOR, VALOR_JDE) VALUES ('1150','Cultivo de tabaco', '-');
INSERT INTO FEL_SV_TBL_ACTIVIDAD_ECONOMICA (CODIGO, VALOR, VALOR_JDE) VALUES ('1161','Cultivo de algodón', '-');
INSERT INTO FEL_SV_TBL_ACTIVIDAD_ECONOMICA (CODIGO, VALOR, VALOR_JDE) VALUES ('1162','Cultivo de fibras vegetales excepto algodón', '-');
INSERT INTO FEL_SV_TBL_ACTIVIDAD_ECONOMICA (CODIGO, VALOR, VALOR_JDE) VALUES ('1191','Cultivo de plantas no perennes  para la producción de semillas y flores', '-');
INSERT INTO FEL_SV_TBL_ACTIVIDAD_ECONOMICA (CODIGO, VALOR, VALOR_JDE) VALUES ('1192','Cultivo de cereales y pastos para la alimentación animal', '-');
INSERT INTO FEL_SV_TBL_ACTIVIDAD_ECONOMICA (CODIGO, VALOR, VALOR_JDE) VALUES ('1199','Producción de cultivos no estacionales  ncp', '-');
INSERT INTO FEL_SV_TBL_ACTIVIDAD_ECONOMICA (CODIGO, VALOR, VALOR_JDE) VALUES ('1220','Cultivo de frutas tropicales', '-');
INSERT INTO FEL_SV_TBL_ACTIVIDAD_ECONOMICA (CODIGO, VALOR, VALOR_JDE) VALUES ('1230','Cultivo de cítricos', '-');
INSERT INTO FEL_SV_TBL_ACTIVIDAD_ECONOMICA (CODIGO, VALOR, VALOR_JDE) VALUES ('1240','Cultivo de frutas de pepita y hueso', '-');
INSERT INTO FEL_SV_TBL_ACTIVIDAD_ECONOMICA (CODIGO, VALOR, VALOR_JDE) VALUES ('1251','Cultivo de frutas ncp', '-');
INSERT INTO FEL_SV_TBL_ACTIVIDAD_ECONOMICA (CODIGO, VALOR, VALOR_JDE) VALUES ('1252','Cultivo de otros frutos  y nueces de árboles y arbustos', '-');
INSERT INTO FEL_SV_TBL_ACTIVIDAD_ECONOMICA (CODIGO, VALOR, VALOR_JDE) VALUES ('1260','Cultivo de frutos oleaginosos', '-');
INSERT INTO FEL_SV_TBL_ACTIVIDAD_ECONOMICA (CODIGO, VALOR, VALOR_JDE) VALUES ('1271','Cultivo de café', '-');
INSERT INTO FEL_SV_TBL_ACTIVIDAD_ECONOMICA (CODIGO, VALOR, VALOR_JDE) VALUES ('1272','Cultivo de plantas para la elaboración de bebidas excepto café', '-');
INSERT INTO FEL_SV_TBL_ACTIVIDAD_ECONOMICA (CODIGO, VALOR, VALOR_JDE) VALUES ('1281','Cultivo de especias y aromáticas', '-');
INSERT INTO FEL_SV_TBL_ACTIVIDAD_ECONOMICA (CODIGO, VALOR, VALOR_JDE) VALUES ('1282','Cultivo de plantas para la obtención de productos medicinales y farmacéuticos', '-');
INSERT INTO FEL_SV_TBL_ACTIVIDAD_ECONOMICA (CODIGO, VALOR, VALOR_JDE) VALUES ('1291','Cultivo de árboles de hule (caucho) para la obtención de látex', '-');
INSERT INTO FEL_SV_TBL_ACTIVIDAD_ECONOMICA (CODIGO, VALOR, VALOR_JDE) VALUES ('1292','Cultivo de plantas para la obtención de productos químicos y colorantes', '-');
INSERT INTO FEL_SV_TBL_ACTIVIDAD_ECONOMICA (CODIGO, VALOR, VALOR_JDE) VALUES ('1299','Producción de cultivos perennes ncp', '-');
INSERT INTO FEL_SV_TBL_ACTIVIDAD_ECONOMICA (CODIGO, VALOR, VALOR_JDE) VALUES ('1300','Propagación de plantas', '-');
INSERT INTO FEL_SV_TBL_ACTIVIDAD_ECONOMICA (CODIGO, VALOR, VALOR_JDE) VALUES ('1301','Cultivo de plantas y flores ornamentales', '-');
INSERT INTO FEL_SV_TBL_ACTIVIDAD_ECONOMICA (CODIGO, VALOR, VALOR_JDE) VALUES ('1410','Cría y engorde de ganado bovino', '-');
INSERT INTO FEL_SV_TBL_ACTIVIDAD_ECONOMICA (CODIGO, VALOR, VALOR_JDE) VALUES ('1420','Cría de caballos y otros equinos', '-');
INSERT INTO FEL_SV_TBL_ACTIVIDAD_ECONOMICA (CODIGO, VALOR, VALOR_JDE) VALUES ('1440','Cría de ovejas y cabras', '-');
INSERT INTO FEL_SV_TBL_ACTIVIDAD_ECONOMICA (CODIGO, VALOR, VALOR_JDE) VALUES ('1450','Cría de cerdos', '-');
INSERT INTO FEL_SV_TBL_ACTIVIDAD_ECONOMICA (CODIGO, VALOR, VALOR_JDE) VALUES ('1460','Cría de aves de corral y producción de huevos', '-');
INSERT INTO FEL_SV_TBL_ACTIVIDAD_ECONOMICA (CODIGO, VALOR, VALOR_JDE) VALUES ('1491','Cría de abejas apicultura para la obtención de miel y otros productos apícolas', '-');
INSERT INTO FEL_SV_TBL_ACTIVIDAD_ECONOMICA (CODIGO, VALOR, VALOR_JDE) VALUES ('1492','Cría de conejos', '-');
INSERT INTO FEL_SV_TBL_ACTIVIDAD_ECONOMICA (CODIGO, VALOR, VALOR_JDE) VALUES ('1493','Cría de iguanas y garrobos', '-');
INSERT INTO FEL_SV_TBL_ACTIVIDAD_ECONOMICA (CODIGO, VALOR, VALOR_JDE) VALUES ('1494','Cría de mariposas y otros insectos', '-');
INSERT INTO FEL_SV_TBL_ACTIVIDAD_ECONOMICA (CODIGO, VALOR, VALOR_JDE) VALUES ('1499','Cría y obtención de productos animales n.c.p.', '-');
INSERT INTO FEL_SV_TBL_ACTIVIDAD_ECONOMICA (CODIGO, VALOR, VALOR_JDE) VALUES ('1500','Cultivo de productos agrícolas en combinación con la cría de animales', '-');
INSERT INTO FEL_SV_TBL_ACTIVIDAD_ECONOMICA (CODIGO, VALOR, VALOR_JDE) VALUES ('1611','Servicios de maquinaria agrícola', '-');
INSERT INTO FEL_SV_TBL_ACTIVIDAD_ECONOMICA (CODIGO, VALOR, VALOR_JDE) VALUES ('1612','Control de plagas', '-');
INSERT INTO FEL_SV_TBL_ACTIVIDAD_ECONOMICA (CODIGO, VALOR, VALOR_JDE) VALUES ('1613','Servicios de riego', '-');
INSERT INTO FEL_SV_TBL_ACTIVIDAD_ECONOMICA (CODIGO, VALOR, VALOR_JDE) VALUES ('1614','Servicios de contratación de mano de obra para la agricultura', '-');
INSERT INTO FEL_SV_TBL_ACTIVIDAD_ECONOMICA (CODIGO, VALOR, VALOR_JDE) VALUES ('1619','Servicios agrícolas ncp', '-');
INSERT INTO FEL_SV_TBL_ACTIVIDAD_ECONOMICA (CODIGO, VALOR, VALOR_JDE) VALUES ('1621','Actividades para mejorar la reproducción, el crecimiento y el rendimiento de los animales y sus productos', '-');
INSERT INTO FEL_SV_TBL_ACTIVIDAD_ECONOMICA (CODIGO, VALOR, VALOR_JDE) VALUES ('1622','Servicios de mano de obra pecuaria', '-');
INSERT INTO FEL_SV_TBL_ACTIVIDAD_ECONOMICA (CODIGO, VALOR, VALOR_JDE) VALUES ('1629','Servicios pecuarios ncp', '-');
INSERT INTO FEL_SV_TBL_ACTIVIDAD_ECONOMICA (CODIGO, VALOR, VALOR_JDE) VALUES ('1631','Labores post cosecha de preparación de los productos agrícolas para su comercialización o para la industria', '-');
INSERT INTO FEL_SV_TBL_ACTIVIDAD_ECONOMICA (CODIGO, VALOR, VALOR_JDE) VALUES ('1632','Servicio de beneficio de café', '-');
INSERT INTO FEL_SV_TBL_ACTIVIDAD_ECONOMICA (CODIGO, VALOR, VALOR_JDE) VALUES ('1633','Servicio de beneficiado de plantas textiles (incluye el beneficiado cuando este es realizado en la misma explotación agropecuaria)', '-');
INSERT INTO FEL_SV_TBL_ACTIVIDAD_ECONOMICA (CODIGO, VALOR, VALOR_JDE) VALUES ('1640','Tratamiento de semillas para la propagación', '-');
INSERT INTO FEL_SV_TBL_ACTIVIDAD_ECONOMICA (CODIGO, VALOR, VALOR_JDE) VALUES ('1700','Caza ordinaria y mediante trampas, repoblación de animales de caza y servicios conexos', '-');
INSERT INTO FEL_SV_TBL_ACTIVIDAD_ECONOMICA (CODIGO, VALOR, VALOR_JDE) VALUES ('2100','Silvicultura y otras actividades forestales', '-');
INSERT INTO FEL_SV_TBL_ACTIVIDAD_ECONOMICA (CODIGO, VALOR, VALOR_JDE) VALUES ('2200','Extracción de madera', '-');
INSERT INTO FEL_SV_TBL_ACTIVIDAD_ECONOMICA (CODIGO, VALOR, VALOR_JDE) VALUES ('2300','Recolección de productos diferentes a la madera', '-');
INSERT INTO FEL_SV_TBL_ACTIVIDAD_ECONOMICA (CODIGO, VALOR, VALOR_JDE) VALUES ('2400','Servicios de apoyo a la silvicultura', '-');
INSERT INTO FEL_SV_TBL_ACTIVIDAD_ECONOMICA (CODIGO, VALOR, VALOR_JDE) VALUES ('3110','Pesca marítima de altura y costera', '-');
INSERT INTO FEL_SV_TBL_ACTIVIDAD_ECONOMICA (CODIGO, VALOR, VALOR_JDE) VALUES ('3120','Pesca de agua dulce', '-');
INSERT INTO FEL_SV_TBL_ACTIVIDAD_ECONOMICA (CODIGO, VALOR, VALOR_JDE) VALUES ('3210','Acuicultura marítima', '-');
INSERT INTO FEL_SV_TBL_ACTIVIDAD_ECONOMICA (CODIGO, VALOR, VALOR_JDE) VALUES ('3220','Acuicultura de agua dulce', '-');
INSERT INTO FEL_SV_TBL_ACTIVIDAD_ECONOMICA (CODIGO, VALOR, VALOR_JDE) VALUES ('3300','Servicios de apoyo a la pesca y acuicultura', '-');
INSERT INTO FEL_SV_TBL_ACTIVIDAD_ECONOMICA (CODIGO, VALOR, VALOR_JDE) VALUES ('5100','Extracción de hulla', '-');
INSERT INTO FEL_SV_TBL_ACTIVIDAD_ECONOMICA (CODIGO, VALOR, VALOR_JDE) VALUES ('5200','Extracción y aglomeración de lignito', '-');
INSERT INTO FEL_SV_TBL_ACTIVIDAD_ECONOMICA (CODIGO, VALOR, VALOR_JDE) VALUES ('6100','Extracción de petróleo crudo', '-');
INSERT INTO FEL_SV_TBL_ACTIVIDAD_ECONOMICA (CODIGO, VALOR, VALOR_JDE) VALUES ('6200','Extracción de gas natural', '-');
INSERT INTO FEL_SV_TBL_ACTIVIDAD_ECONOMICA (CODIGO, VALOR, VALOR_JDE) VALUES ('7100','Extracción de minerales  de hierro', '-');
INSERT INTO FEL_SV_TBL_ACTIVIDAD_ECONOMICA (CODIGO, VALOR, VALOR_JDE) VALUES ('7210','Extracción de minerales de uranio y torio', '-');
INSERT INTO FEL_SV_TBL_ACTIVIDAD_ECONOMICA (CODIGO, VALOR, VALOR_JDE) VALUES ('7290','Extracción de minerales metalíferos no ferrosos', '-');
INSERT INTO FEL_SV_TBL_ACTIVIDAD_ECONOMICA (CODIGO, VALOR, VALOR_JDE) VALUES ('8100','Extracción de piedra, arena y arcilla', '-');
INSERT INTO FEL_SV_TBL_ACTIVIDAD_ECONOMICA (CODIGO, VALOR, VALOR_JDE) VALUES ('8910','Extracción de minerales para la fabricación de abonos y productos químicos', '-');
INSERT INTO FEL_SV_TBL_ACTIVIDAD_ECONOMICA (CODIGO, VALOR, VALOR_JDE) VALUES ('8920','Extracción y aglomeración de turba', '-');
INSERT INTO FEL_SV_TBL_ACTIVIDAD_ECONOMICA (CODIGO, VALOR, VALOR_JDE) VALUES ('8930','Extracción de sal', '-');
INSERT INTO FEL_SV_TBL_ACTIVIDAD_ECONOMICA (CODIGO, VALOR, VALOR_JDE) VALUES ('8990','Explotación de otras minas y canteras ncp', '-');
INSERT INTO FEL_SV_TBL_ACTIVIDAD_ECONOMICA (CODIGO, VALOR, VALOR_JDE) VALUES ('9100','Actividades de apoyo a la extracción de petróleo y gas natural', '-');
INSERT INTO FEL_SV_TBL_ACTIVIDAD_ECONOMICA (CODIGO, VALOR, VALOR_JDE) VALUES ('9900','Actividades de apoyo a la explotación de minas y canteras', '-');
INSERT INTO FEL_SV_TBL_ACTIVIDAD_ECONOMICA (CODIGO, VALOR, VALOR_JDE) VALUES ('10101','Servicio de rastros y mataderos de bovinos y porcinos', '-');
INSERT INTO FEL_SV_TBL_ACTIVIDAD_ECONOMICA (CODIGO, VALOR, VALOR_JDE) VALUES ('10102','Matanza y procesamiento de bovinos y porcinos', '-');
INSERT INTO FEL_SV_TBL_ACTIVIDAD_ECONOMICA (CODIGO, VALOR, VALOR_JDE) VALUES ('10103','Matanza y procesamientos de aves de corral', '-');
INSERT INTO FEL_SV_TBL_ACTIVIDAD_ECONOMICA (CODIGO, VALOR, VALOR_JDE) VALUES ('10104','Elaboración y conservación de embutidos y tripas naturales', '-');
INSERT INTO FEL_SV_TBL_ACTIVIDAD_ECONOMICA (CODIGO, VALOR, VALOR_JDE) VALUES ('10105','Servicios de conservación y empaque de carnes', '-');
INSERT INTO FEL_SV_TBL_ACTIVIDAD_ECONOMICA (CODIGO, VALOR, VALOR_JDE) VALUES ('10106','Elaboración y conservación de grasas y aceites animales', '-');
INSERT INTO FEL_SV_TBL_ACTIVIDAD_ECONOMICA (CODIGO, VALOR, VALOR_JDE) VALUES ('10107','Servicios de molienda de carne', '-');
INSERT INTO FEL_SV_TBL_ACTIVIDAD_ECONOMICA (CODIGO, VALOR, VALOR_JDE) VALUES ('10108','Elaboración de productos de carne ncp', '-');
INSERT INTO FEL_SV_TBL_ACTIVIDAD_ECONOMICA (CODIGO, VALOR, VALOR_JDE) VALUES ('10201','Procesamiento y conservación de pescado, crustáceos y moluscos', '-');
INSERT INTO FEL_SV_TBL_ACTIVIDAD_ECONOMICA (CODIGO, VALOR, VALOR_JDE) VALUES ('10209','Fabricación de productos de pescado ncp', '-');
INSERT INTO FEL_SV_TBL_ACTIVIDAD_ECONOMICA (CODIGO, VALOR, VALOR_JDE) VALUES ('10301','Elaboración de jugos de frutas y hortalizas', '-');
INSERT INTO FEL_SV_TBL_ACTIVIDAD_ECONOMICA (CODIGO, VALOR, VALOR_JDE) VALUES ('10302','Elaboración y envase de jaleas, mermeladas y frutas deshidratadas', '-');
INSERT INTO FEL_SV_TBL_ACTIVIDAD_ECONOMICA (CODIGO, VALOR, VALOR_JDE) VALUES ('10309','Elaboración de productos de frutas y hortalizas n.c.p.', '-');
INSERT INTO FEL_SV_TBL_ACTIVIDAD_ECONOMICA (CODIGO, VALOR, VALOR_JDE) VALUES ('10401','Fabricación de aceites y grasas vegetales y animales comestibles', '-');
INSERT INTO FEL_SV_TBL_ACTIVIDAD_ECONOMICA (CODIGO, VALOR, VALOR_JDE) VALUES ('10402','Fabricación de aceites y grasas vegetales y animales no comestibles', '-');
INSERT INTO FEL_SV_TBL_ACTIVIDAD_ECONOMICA (CODIGO, VALOR, VALOR_JDE) VALUES ('10409','Servicio de maquilado de aceites', '-');
INSERT INTO FEL_SV_TBL_ACTIVIDAD_ECONOMICA (CODIGO, VALOR, VALOR_JDE) VALUES ('10501','Fabricación de productos lácteos excepto sorbetes y quesos sustitutos', '-');
INSERT INTO FEL_SV_TBL_ACTIVIDAD_ECONOMICA (CODIGO, VALOR, VALOR_JDE) VALUES ('10502','Fabricación de sorbetes y helados', '-');
INSERT INTO FEL_SV_TBL_ACTIVIDAD_ECONOMICA (CODIGO, VALOR, VALOR_JDE) VALUES ('10503','Fabricación de quesos', '-');
INSERT INTO FEL_SV_TBL_ACTIVIDAD_ECONOMICA (CODIGO, VALOR, VALOR_JDE) VALUES ('10611','Molienda de cereales', '-');
INSERT INTO FEL_SV_TBL_ACTIVIDAD_ECONOMICA (CODIGO, VALOR, VALOR_JDE) VALUES ('10612','Elaboración de cereales para el desayuno y similares', '-');
INSERT INTO FEL_SV_TBL_ACTIVIDAD_ECONOMICA (CODIGO, VALOR, VALOR_JDE) VALUES ('10613','Servicios de beneficiado de productos agrícolas ncp (excluye Beneficio de azúcar rama 1072  y beneficio de café rama 0163)', '-');
INSERT INTO FEL_SV_TBL_ACTIVIDAD_ECONOMICA (CODIGO, VALOR, VALOR_JDE) VALUES ('10621','Fabricación de almidón', '-');
INSERT INTO FEL_SV_TBL_ACTIVIDAD_ECONOMICA (CODIGO, VALOR, VALOR_JDE) VALUES ('10628','Servicio de molienda de maíz húmedo molino para nixtamal', '-');
INSERT INTO FEL_SV_TBL_ACTIVIDAD_ECONOMICA (CODIGO, VALOR, VALOR_JDE) VALUES ('10711','Elaboración de tortillas', '-');
INSERT INTO FEL_SV_TBL_ACTIVIDAD_ECONOMICA (CODIGO, VALOR, VALOR_JDE) VALUES ('10712','Fabricación de pan, galletas y barquillos', '-');
INSERT INTO FEL_SV_TBL_ACTIVIDAD_ECONOMICA (CODIGO, VALOR, VALOR_JDE) VALUES ('10713','Fabricación de repostería', '-');
INSERT INTO FEL_SV_TBL_ACTIVIDAD_ECONOMICA (CODIGO, VALOR, VALOR_JDE) VALUES ('10721','Ingenios azucareros', '-');
INSERT INTO FEL_SV_TBL_ACTIVIDAD_ECONOMICA (CODIGO, VALOR, VALOR_JDE) VALUES ('10722','Molienda de caña de azúcar para la elaboración de dulces', '-');
INSERT INTO FEL_SV_TBL_ACTIVIDAD_ECONOMICA (CODIGO, VALOR, VALOR_JDE) VALUES ('10723','Elaboración de jarabes de azúcar y otros similares', '-');
INSERT INTO FEL_SV_TBL_ACTIVIDAD_ECONOMICA (CODIGO, VALOR, VALOR_JDE) VALUES ('10724','Maquilado de azúcar de caña', '-');
INSERT INTO FEL_SV_TBL_ACTIVIDAD_ECONOMICA (CODIGO, VALOR, VALOR_JDE) VALUES ('10730','Fabricación de cacao, chocolates y  productos de confitería', '-');
INSERT INTO FEL_SV_TBL_ACTIVIDAD_ECONOMICA (CODIGO, VALOR, VALOR_JDE) VALUES ('10740','Elaboración de macarrones, fideos, y productos farináceos similares', '-');
INSERT INTO FEL_SV_TBL_ACTIVIDAD_ECONOMICA (CODIGO, VALOR, VALOR_JDE) VALUES ('10750','Elaboración de comidas y platos preparados para la reventa en locales y/o  para exportación', '-');
INSERT INTO FEL_SV_TBL_ACTIVIDAD_ECONOMICA (CODIGO, VALOR, VALOR_JDE) VALUES ('10791','Elaboración de productos de café', '-');
INSERT INTO FEL_SV_TBL_ACTIVIDAD_ECONOMICA (CODIGO, VALOR, VALOR_JDE) VALUES ('10792','Elaboración de especies, sazonadores y condimentos', '-');
INSERT INTO FEL_SV_TBL_ACTIVIDAD_ECONOMICA (CODIGO, VALOR, VALOR_JDE) VALUES ('10793','Elaboración de sopas, cremas y consomé', '-');
INSERT INTO FEL_SV_TBL_ACTIVIDAD_ECONOMICA (CODIGO, VALOR, VALOR_JDE) VALUES ('10794','Fabricación de bocadillos tostados y/o fritos', '-');
INSERT INTO FEL_SV_TBL_ACTIVIDAD_ECONOMICA (CODIGO, VALOR, VALOR_JDE) VALUES ('10799','Elaboración de productos alimenticios ncp', '-');
INSERT INTO FEL_SV_TBL_ACTIVIDAD_ECONOMICA (CODIGO, VALOR, VALOR_JDE) VALUES ('10800','Elaboración de alimentos preparados para animales', '-');
INSERT INTO FEL_SV_TBL_ACTIVIDAD_ECONOMICA (CODIGO, VALOR, VALOR_JDE) VALUES ('11012','Fabricación de aguardiente y licores', '-');
INSERT INTO FEL_SV_TBL_ACTIVIDAD_ECONOMICA (CODIGO, VALOR, VALOR_JDE) VALUES ('11020','Elaboración de vinos', '-');
INSERT INTO FEL_SV_TBL_ACTIVIDAD_ECONOMICA (CODIGO, VALOR, VALOR_JDE) VALUES ('11030','Fabricación de cerveza', '-');
INSERT INTO FEL_SV_TBL_ACTIVIDAD_ECONOMICA (CODIGO, VALOR, VALOR_JDE) VALUES ('11041','Fabricación de aguas gaseosas', '-');
INSERT INTO FEL_SV_TBL_ACTIVIDAD_ECONOMICA (CODIGO, VALOR, VALOR_JDE) VALUES ('11042','Fabricación y envasado  de agua', '-');
INSERT INTO FEL_SV_TBL_ACTIVIDAD_ECONOMICA (CODIGO, VALOR, VALOR_JDE) VALUES ('11043','Elaboración de refrescos', '-');
INSERT INTO FEL_SV_TBL_ACTIVIDAD_ECONOMICA (CODIGO, VALOR, VALOR_JDE) VALUES ('11048','Maquilado de aguas gaseosas', '-');
INSERT INTO FEL_SV_TBL_ACTIVIDAD_ECONOMICA (CODIGO, VALOR, VALOR_JDE) VALUES ('11049','Elaboración de bebidas no alcohólicas', '-');
INSERT INTO FEL_SV_TBL_ACTIVIDAD_ECONOMICA (CODIGO, VALOR, VALOR_JDE) VALUES ('12000','Elaboración de productos de tabaco', '-');
INSERT INTO FEL_SV_TBL_ACTIVIDAD_ECONOMICA (CODIGO, VALOR, VALOR_JDE) VALUES ('13111','Preparación de fibras textiles', '-');
INSERT INTO FEL_SV_TBL_ACTIVIDAD_ECONOMICA (CODIGO, VALOR, VALOR_JDE) VALUES ('13112','Fabricación de hilados', '-');
INSERT INTO FEL_SV_TBL_ACTIVIDAD_ECONOMICA (CODIGO, VALOR, VALOR_JDE) VALUES ('13120','Fabricación de telas', '-');
INSERT INTO FEL_SV_TBL_ACTIVIDAD_ECONOMICA (CODIGO, VALOR, VALOR_JDE) VALUES ('13130','Acabado de productos textiles', '-');
INSERT INTO FEL_SV_TBL_ACTIVIDAD_ECONOMICA (CODIGO, VALOR, VALOR_JDE) VALUES ('13910','Fabricación de tejidos de punto y  ganchillo', '-');
INSERT INTO FEL_SV_TBL_ACTIVIDAD_ECONOMICA (CODIGO, VALOR, VALOR_JDE) VALUES ('13921','Fabricación de productos textiles para el hogar', '-');
INSERT INTO FEL_SV_TBL_ACTIVIDAD_ECONOMICA (CODIGO, VALOR, VALOR_JDE) VALUES ('13922','Sacos, bolsas y otros artículos textiles', '-');
INSERT INTO FEL_SV_TBL_ACTIVIDAD_ECONOMICA (CODIGO, VALOR, VALOR_JDE) VALUES ('13929','Fabricación de artículos confeccionados con materiales textiles, excepto prendas de vestir n.c.p', '-');
INSERT INTO FEL_SV_TBL_ACTIVIDAD_ECONOMICA (CODIGO, VALOR, VALOR_JDE) VALUES ('13930','Fabricación de tapices y alfombras', '-');
INSERT INTO FEL_SV_TBL_ACTIVIDAD_ECONOMICA (CODIGO, VALOR, VALOR_JDE) VALUES ('13941','Fabricación de cuerdas de henequén y otras fibras naturales (lazos, pitas)', '-');
INSERT INTO FEL_SV_TBL_ACTIVIDAD_ECONOMICA (CODIGO, VALOR, VALOR_JDE) VALUES ('13942','Fabricación de redes de diversos materiales', '-');
INSERT INTO FEL_SV_TBL_ACTIVIDAD_ECONOMICA (CODIGO, VALOR, VALOR_JDE) VALUES ('13948','Maquilado de productos trenzables de cualquier material (petates, sillas, etc.)', '-');
INSERT INTO FEL_SV_TBL_ACTIVIDAD_ECONOMICA (CODIGO, VALOR, VALOR_JDE) VALUES ('13991','Fabricación de adornos, etiquetas y otros artículos para prendas de vestir', '-');
INSERT INTO FEL_SV_TBL_ACTIVIDAD_ECONOMICA (CODIGO, VALOR, VALOR_JDE) VALUES ('13992','Servicio de bordados en artículos y prendas de tela', '-');
INSERT INTO FEL_SV_TBL_ACTIVIDAD_ECONOMICA (CODIGO, VALOR, VALOR_JDE) VALUES ('13999','Fabricación de productos textiles ncp', '-');
INSERT INTO FEL_SV_TBL_ACTIVIDAD_ECONOMICA (CODIGO, VALOR, VALOR_JDE) VALUES ('14101','Fabricación de ropa  interior, para dormir y similares', '-');
INSERT INTO FEL_SV_TBL_ACTIVIDAD_ECONOMICA (CODIGO, VALOR, VALOR_JDE) VALUES ('14102','Fabricación de ropa para niños', '-');
INSERT INTO FEL_SV_TBL_ACTIVIDAD_ECONOMICA (CODIGO, VALOR, VALOR_JDE) VALUES ('14103','Fabricación de prendas de vestir para ambos sexos', '-');
INSERT INTO FEL_SV_TBL_ACTIVIDAD_ECONOMICA (CODIGO, VALOR, VALOR_JDE) VALUES ('14104','Confección de prendas a medida', '-');
INSERT INTO FEL_SV_TBL_ACTIVIDAD_ECONOMICA (CODIGO, VALOR, VALOR_JDE) VALUES ('14105','Fabricación de prendas de vestir para deportes', '-');
INSERT INTO FEL_SV_TBL_ACTIVIDAD_ECONOMICA (CODIGO, VALOR, VALOR_JDE) VALUES ('14106','Elaboración de artesanías de uso personal confeccionadas especialmente de materiales textiles', '-');
INSERT INTO FEL_SV_TBL_ACTIVIDAD_ECONOMICA (CODIGO, VALOR, VALOR_JDE) VALUES ('14108','Maquilado  de prendas de vestir, accesorios y otros', '-');
INSERT INTO FEL_SV_TBL_ACTIVIDAD_ECONOMICA (CODIGO, VALOR, VALOR_JDE) VALUES ('14109','Fabricación de prendas y accesorios de vestir n.c.p.', '-');
INSERT INTO FEL_SV_TBL_ACTIVIDAD_ECONOMICA (CODIGO, VALOR, VALOR_JDE) VALUES ('14200','Fabricación de artículos de piel', '-');
INSERT INTO FEL_SV_TBL_ACTIVIDAD_ECONOMICA (CODIGO, VALOR, VALOR_JDE) VALUES ('14301','Fabricación de calcetines, calcetas, medias (panty house) y otros similares', '-');
INSERT INTO FEL_SV_TBL_ACTIVIDAD_ECONOMICA (CODIGO, VALOR, VALOR_JDE) VALUES ('14302','Fabricación de ropa interior de tejido de punto', '-');
INSERT INTO FEL_SV_TBL_ACTIVIDAD_ECONOMICA (CODIGO, VALOR, VALOR_JDE) VALUES ('14309','Fabricación de prendas de vestir de tejido de punto ncp', '-');
INSERT INTO FEL_SV_TBL_ACTIVIDAD_ECONOMICA (CODIGO, VALOR, VALOR_JDE) VALUES ('15110','Curtido y adobo de cueros; adobo y teñido de pieles', '-');
INSERT INTO FEL_SV_TBL_ACTIVIDAD_ECONOMICA (CODIGO, VALOR, VALOR_JDE) VALUES ('15121','Fabricación de maletas, bolsos de mano y otros artículos de marroquinería', '-');
INSERT INTO FEL_SV_TBL_ACTIVIDAD_ECONOMICA (CODIGO, VALOR, VALOR_JDE) VALUES ('15122','Fabricación de monturas, accesorios y vainas  talabartería', '-');
INSERT INTO FEL_SV_TBL_ACTIVIDAD_ECONOMICA (CODIGO, VALOR, VALOR_JDE) VALUES ('15123','Fabricación  de artesanías principalmente de cuero natural y sintético', '-');
INSERT INTO FEL_SV_TBL_ACTIVIDAD_ECONOMICA (CODIGO, VALOR, VALOR_JDE) VALUES ('15128','Maquilado de artículos de cuero natural, sintético y de otros materiales', '-');
INSERT INTO FEL_SV_TBL_ACTIVIDAD_ECONOMICA (CODIGO, VALOR, VALOR_JDE) VALUES ('15201','Fabricación de calzado', '-');
INSERT INTO FEL_SV_TBL_ACTIVIDAD_ECONOMICA (CODIGO, VALOR, VALOR_JDE) VALUES ('15202','Fabricación de partes y accesorios de calzado', '-');
INSERT INTO FEL_SV_TBL_ACTIVIDAD_ECONOMICA (CODIGO, VALOR, VALOR_JDE) VALUES ('15208','Maquilado de partes y accesorios de calzado', '-');
INSERT INTO FEL_SV_TBL_ACTIVIDAD_ECONOMICA (CODIGO, VALOR, VALOR_JDE) VALUES ('16100','Aserradero y acepilladura de madera', '-');
INSERT INTO FEL_SV_TBL_ACTIVIDAD_ECONOMICA (CODIGO, VALOR, VALOR_JDE) VALUES ('16210','Fabricación de madera laminada, terciada, enchapada y contrachapada, paneles para la construcción', '-');
INSERT INTO FEL_SV_TBL_ACTIVIDAD_ECONOMICA (CODIGO, VALOR, VALOR_JDE) VALUES ('16220','Fabricación de partes y piezas de carpintería para edificios y construcciones', '-');
INSERT INTO FEL_SV_TBL_ACTIVIDAD_ECONOMICA (CODIGO, VALOR, VALOR_JDE) VALUES ('16230','Fabricación de envases y recipientes de madera', '-');
INSERT INTO FEL_SV_TBL_ACTIVIDAD_ECONOMICA (CODIGO, VALOR, VALOR_JDE) VALUES ('16292','Fabricación de artesanías de madera, semillas,  materiales trenzables', '-');
INSERT INTO FEL_SV_TBL_ACTIVIDAD_ECONOMICA (CODIGO, VALOR, VALOR_JDE) VALUES ('16299','Fabricación de productos de madera, corcho, paja y materiales trenzables ncp', '-');
INSERT INTO FEL_SV_TBL_ACTIVIDAD_ECONOMICA (CODIGO, VALOR, VALOR_JDE) VALUES ('17010','Fabricación de pasta de madera, papel y cartón', '-');
INSERT INTO FEL_SV_TBL_ACTIVIDAD_ECONOMICA (CODIGO, VALOR, VALOR_JDE) VALUES ('17020','Fabricación de papel y cartón ondulado y envases de papel y cartón', '-');
INSERT INTO FEL_SV_TBL_ACTIVIDAD_ECONOMICA (CODIGO, VALOR, VALOR_JDE) VALUES ('17091','Fabricación de artículos de papel y cartón de uso personal y doméstico', '-');
INSERT INTO FEL_SV_TBL_ACTIVIDAD_ECONOMICA (CODIGO, VALOR, VALOR_JDE) VALUES ('17092','Fabricación de productos de papel ncp', '-');
INSERT INTO FEL_SV_TBL_ACTIVIDAD_ECONOMICA (CODIGO, VALOR, VALOR_JDE) VALUES ('18110','Impresión', '-');
INSERT INTO FEL_SV_TBL_ACTIVIDAD_ECONOMICA (CODIGO, VALOR, VALOR_JDE) VALUES ('18120','Servicios relacionados con la impresión', '-');
INSERT INTO FEL_SV_TBL_ACTIVIDAD_ECONOMICA (CODIGO, VALOR, VALOR_JDE) VALUES ('18200','Reproducción de grabaciones', '-');
INSERT INTO FEL_SV_TBL_ACTIVIDAD_ECONOMICA (CODIGO, VALOR, VALOR_JDE) VALUES ('19100','Fabricación de productos de hornos de coque', '-');
INSERT INTO FEL_SV_TBL_ACTIVIDAD_ECONOMICA (CODIGO, VALOR, VALOR_JDE) VALUES ('19201','Fabricación de combustible', '-');
INSERT INTO FEL_SV_TBL_ACTIVIDAD_ECONOMICA (CODIGO, VALOR, VALOR_JDE) VALUES ('19202','Fabricación de aceites y lubricantes', '-');
INSERT INTO FEL_SV_TBL_ACTIVIDAD_ECONOMICA (CODIGO, VALOR, VALOR_JDE) VALUES ('20111','Fabricación de materias primas para la fabricación de colorantes', '-');
INSERT INTO FEL_SV_TBL_ACTIVIDAD_ECONOMICA (CODIGO, VALOR, VALOR_JDE) VALUES ('20112','Fabricación de materiales curtientes', '-');
INSERT INTO FEL_SV_TBL_ACTIVIDAD_ECONOMICA (CODIGO, VALOR, VALOR_JDE) VALUES ('20113','Fabricación de gases industriales', '-');
INSERT INTO FEL_SV_TBL_ACTIVIDAD_ECONOMICA (CODIGO, VALOR, VALOR_JDE) VALUES ('20114','Fabricación de alcohol etílico', '-');
INSERT INTO FEL_SV_TBL_ACTIVIDAD_ECONOMICA (CODIGO, VALOR, VALOR_JDE) VALUES ('20119','Fabricación de sustancias químicas básicas', '-');
INSERT INTO FEL_SV_TBL_ACTIVIDAD_ECONOMICA (CODIGO, VALOR, VALOR_JDE) VALUES ('20120','Fabricación de abonos y fertilizantes', '-');
INSERT INTO FEL_SV_TBL_ACTIVIDAD_ECONOMICA (CODIGO, VALOR, VALOR_JDE) VALUES ('20130','Fabricación de plástico y caucho en formas primarias', '-');
INSERT INTO FEL_SV_TBL_ACTIVIDAD_ECONOMICA (CODIGO, VALOR, VALOR_JDE) VALUES ('20210','Fabricación de plaguicidas y otros productos químicos de uso agropecuario', '-');
INSERT INTO FEL_SV_TBL_ACTIVIDAD_ECONOMICA (CODIGO, VALOR, VALOR_JDE) VALUES ('20220','Fabricación de pinturas, barnices y productos de revestimiento similares; tintas de imprenta y masillas', '-');
INSERT INTO FEL_SV_TBL_ACTIVIDAD_ECONOMICA (CODIGO, VALOR, VALOR_JDE) VALUES ('20231','Fabricación de jabones, detergentes y similares para limpieza', '-');
INSERT INTO FEL_SV_TBL_ACTIVIDAD_ECONOMICA (CODIGO, VALOR, VALOR_JDE) VALUES ('20232','Fabricación de perfumes, cosméticos y productos de higiene y cuidado personal, incluyendo tintes, champú, etc.', '-');
INSERT INTO FEL_SV_TBL_ACTIVIDAD_ECONOMICA (CODIGO, VALOR, VALOR_JDE) VALUES ('20291','Fabricación de tintas y colores para escribir y pintar; fabricación de cintas para impresoras', '-');
INSERT INTO FEL_SV_TBL_ACTIVIDAD_ECONOMICA (CODIGO, VALOR, VALOR_JDE) VALUES ('20292','Fabricación de productos pirotécnicos, explosivos y municiones', '-');
INSERT INTO FEL_SV_TBL_ACTIVIDAD_ECONOMICA (CODIGO, VALOR, VALOR_JDE) VALUES ('20299','Fabricación de productos químicos n.c.p.', '-');
INSERT INTO FEL_SV_TBL_ACTIVIDAD_ECONOMICA (CODIGO, VALOR, VALOR_JDE) VALUES ('20300','Fabricación de fibras artificiales', '-');
INSERT INTO FEL_SV_TBL_ACTIVIDAD_ECONOMICA (CODIGO, VALOR, VALOR_JDE) VALUES ('21001','Manufactura de productos farmacéuticos, sustancias químicas y productos botánicos', '-');
INSERT INTO FEL_SV_TBL_ACTIVIDAD_ECONOMICA (CODIGO, VALOR, VALOR_JDE) VALUES ('21008','Maquilado de medicamentos', '-');
INSERT INTO FEL_SV_TBL_ACTIVIDAD_ECONOMICA (CODIGO, VALOR, VALOR_JDE) VALUES ('22110','Fabricación de cubiertas y cámaras; renovación y recauchutado de cubiertas', '-');
INSERT INTO FEL_SV_TBL_ACTIVIDAD_ECONOMICA (CODIGO, VALOR, VALOR_JDE) VALUES ('22190','Fabricación de otros productos de caucho', '-');
INSERT INTO FEL_SV_TBL_ACTIVIDAD_ECONOMICA (CODIGO, VALOR, VALOR_JDE) VALUES ('22201','Fabricación de envases plásticos', '-');
INSERT INTO FEL_SV_TBL_ACTIVIDAD_ECONOMICA (CODIGO, VALOR, VALOR_JDE) VALUES ('22202','Fabricación de productos plásticos para uso personal o doméstico', '-');
INSERT INTO FEL_SV_TBL_ACTIVIDAD_ECONOMICA (CODIGO, VALOR, VALOR_JDE) VALUES ('22208','Maquila de plásticos', '-');
INSERT INTO FEL_SV_TBL_ACTIVIDAD_ECONOMICA (CODIGO, VALOR, VALOR_JDE) VALUES ('22209','Fabricación de productos plásticos n.c.p.', '-');
INSERT INTO FEL_SV_TBL_ACTIVIDAD_ECONOMICA (CODIGO, VALOR, VALOR_JDE) VALUES ('23101','Fabricación de vidrio', '-');
INSERT INTO FEL_SV_TBL_ACTIVIDAD_ECONOMICA (CODIGO, VALOR, VALOR_JDE) VALUES ('23102','Fabricación de recipientes y envases de vidrio', '-');
INSERT INTO FEL_SV_TBL_ACTIVIDAD_ECONOMICA (CODIGO, VALOR, VALOR_JDE) VALUES ('23108','Servicio de maquilado', '-');
INSERT INTO FEL_SV_TBL_ACTIVIDAD_ECONOMICA (CODIGO, VALOR, VALOR_JDE) VALUES ('23109','Fabricación de productos de vidrio ncp', '-');
INSERT INTO FEL_SV_TBL_ACTIVIDAD_ECONOMICA (CODIGO, VALOR, VALOR_JDE) VALUES ('23910','Fabricación de productos refractarios', '-');
INSERT INTO FEL_SV_TBL_ACTIVIDAD_ECONOMICA (CODIGO, VALOR, VALOR_JDE) VALUES ('23920','Fabricación de productos de arcilla para la construcción', '-');
INSERT INTO FEL_SV_TBL_ACTIVIDAD_ECONOMICA (CODIGO, VALOR, VALOR_JDE) VALUES ('23931','Fabricación de productos de cerámica y porcelana no refractaria', '-');
INSERT INTO FEL_SV_TBL_ACTIVIDAD_ECONOMICA (CODIGO, VALOR, VALOR_JDE) VALUES ('23932','Fabricación de productos de cerámica y porcelana ncp', '-');
INSERT INTO FEL_SV_TBL_ACTIVIDAD_ECONOMICA (CODIGO, VALOR, VALOR_JDE) VALUES ('23940','Fabricación de cemento, cal y yeso', '-');
INSERT INTO FEL_SV_TBL_ACTIVIDAD_ECONOMICA (CODIGO, VALOR, VALOR_JDE) VALUES ('23950','Fabricación de artículos de hormigón, cemento y yeso', '-');
INSERT INTO FEL_SV_TBL_ACTIVIDAD_ECONOMICA (CODIGO, VALOR, VALOR_JDE) VALUES ('23960','Corte, tallado y acabado de la piedra', '-');
INSERT INTO FEL_SV_TBL_ACTIVIDAD_ECONOMICA (CODIGO, VALOR, VALOR_JDE) VALUES ('23990','Fabricación de productos minerales no metálicos ncp', '-');
INSERT INTO FEL_SV_TBL_ACTIVIDAD_ECONOMICA (CODIGO, VALOR, VALOR_JDE) VALUES ('24100','Industrias básicas de hierro y acero', '-');
INSERT INTO FEL_SV_TBL_ACTIVIDAD_ECONOMICA (CODIGO, VALOR, VALOR_JDE) VALUES ('24200','Fabricación de productos primarios de metales preciosos y metales no ferrosos', '-');
INSERT INTO FEL_SV_TBL_ACTIVIDAD_ECONOMICA (CODIGO, VALOR, VALOR_JDE) VALUES ('24310','Fundición de hierro y acero', '-');
INSERT INTO FEL_SV_TBL_ACTIVIDAD_ECONOMICA (CODIGO, VALOR, VALOR_JDE) VALUES ('24320','Fundición de metales no ferrosos', '-');
INSERT INTO FEL_SV_TBL_ACTIVIDAD_ECONOMICA (CODIGO, VALOR, VALOR_JDE) VALUES ('25111','Fabricación de productos metálicos para uso estructural', '-');
INSERT INTO FEL_SV_TBL_ACTIVIDAD_ECONOMICA (CODIGO, VALOR, VALOR_JDE) VALUES ('25118','Servicio de maquila para la fabricación de estructuras metálicas', '-');
INSERT INTO FEL_SV_TBL_ACTIVIDAD_ECONOMICA (CODIGO, VALOR, VALOR_JDE) VALUES ('25120','Fabricación de tanques, depósitos y recipientes de metal', '-');
INSERT INTO FEL_SV_TBL_ACTIVIDAD_ECONOMICA (CODIGO, VALOR, VALOR_JDE) VALUES ('25130','Fabricación de generadores de vapor, excepto calderas de agua caliente  para calefacción central', '-');
INSERT INTO FEL_SV_TBL_ACTIVIDAD_ECONOMICA (CODIGO, VALOR, VALOR_JDE) VALUES ('25200','Fabricación de armas y municiones', '-');
INSERT INTO FEL_SV_TBL_ACTIVIDAD_ECONOMICA (CODIGO, VALOR, VALOR_JDE) VALUES ('25910','Forjado, prensado, estampado y laminado de metales; pulvimetalurgia', '-');
INSERT INTO FEL_SV_TBL_ACTIVIDAD_ECONOMICA (CODIGO, VALOR, VALOR_JDE) VALUES ('25920','Tratamiento y revestimiento de metales', '-');
INSERT INTO FEL_SV_TBL_ACTIVIDAD_ECONOMICA (CODIGO, VALOR, VALOR_JDE) VALUES ('25930','Fabricación de artículos de cuchillería, herramientas de mano y artículos de ferretería', '-');
INSERT INTO FEL_SV_TBL_ACTIVIDAD_ECONOMICA (CODIGO, VALOR, VALOR_JDE) VALUES ('25991','Fabricación de envases y artículos conexos de metal', '-');
INSERT INTO FEL_SV_TBL_ACTIVIDAD_ECONOMICA (CODIGO, VALOR, VALOR_JDE) VALUES ('25992','Fabricación de artículos metálicos de uso personal y/o doméstico', '-');
INSERT INTO FEL_SV_TBL_ACTIVIDAD_ECONOMICA (CODIGO, VALOR, VALOR_JDE) VALUES ('25999','Fabricación de productos elaborados de metal ncp', '-');
INSERT INTO FEL_SV_TBL_ACTIVIDAD_ECONOMICA (CODIGO, VALOR, VALOR_JDE) VALUES ('26100','Fabricación de componentes electrónicos', '-');
INSERT INTO FEL_SV_TBL_ACTIVIDAD_ECONOMICA (CODIGO, VALOR, VALOR_JDE) VALUES ('26200','Fabricación de computadoras y equipo conexo', '-');
INSERT INTO FEL_SV_TBL_ACTIVIDAD_ECONOMICA (CODIGO, VALOR, VALOR_JDE) VALUES ('26300','Fabricación de equipo de comunicaciones', '-');
INSERT INTO FEL_SV_TBL_ACTIVIDAD_ECONOMICA (CODIGO, VALOR, VALOR_JDE) VALUES ('26400','Fabricación de aparatos  electrónicos de consumo para audio, video radio y televisión', '-');
INSERT INTO FEL_SV_TBL_ACTIVIDAD_ECONOMICA (CODIGO, VALOR, VALOR_JDE) VALUES ('26510','Fabricación de instrumentos y aparatos para medir, verificar, ensayar, navegar y de control de procesos industriales', '-');
INSERT INTO FEL_SV_TBL_ACTIVIDAD_ECONOMICA (CODIGO, VALOR, VALOR_JDE) VALUES ('26520','Fabricación de relojes y piezas de relojes', '-');
INSERT INTO FEL_SV_TBL_ACTIVIDAD_ECONOMICA (CODIGO, VALOR, VALOR_JDE) VALUES ('26600','Fabricación de equipo médico de irradiación y equipo electrónico de uso médico y terapéutico', '-');
INSERT INTO FEL_SV_TBL_ACTIVIDAD_ECONOMICA (CODIGO, VALOR, VALOR_JDE) VALUES ('26700','Fabricación de instrumentos de óptica y equipo fotográfico', '-');
INSERT INTO FEL_SV_TBL_ACTIVIDAD_ECONOMICA (CODIGO, VALOR, VALOR_JDE) VALUES ('26800','Fabricación de medios magnéticos y ópticos', '-');
INSERT INTO FEL_SV_TBL_ACTIVIDAD_ECONOMICA (CODIGO, VALOR, VALOR_JDE) VALUES ('27100','Fabricación de motores, generadores , transformadores eléctricos, aparatos de distribución y control de electricidad', '-');
INSERT INTO FEL_SV_TBL_ACTIVIDAD_ECONOMICA (CODIGO, VALOR, VALOR_JDE) VALUES ('27200','Fabricación de pilas, baterías y acumuladores', '-');
INSERT INTO FEL_SV_TBL_ACTIVIDAD_ECONOMICA (CODIGO, VALOR, VALOR_JDE) VALUES ('27310','Fabricación de cables de fibra óptica', '-');
INSERT INTO FEL_SV_TBL_ACTIVIDAD_ECONOMICA (CODIGO, VALOR, VALOR_JDE) VALUES ('27320','Fabricación de otros  hilos y cables eléctricos', '-');
INSERT INTO FEL_SV_TBL_ACTIVIDAD_ECONOMICA (CODIGO, VALOR, VALOR_JDE) VALUES ('27330','Fabricación de dispositivos de cableados', '-');
INSERT INTO FEL_SV_TBL_ACTIVIDAD_ECONOMICA (CODIGO, VALOR, VALOR_JDE) VALUES ('27400','Fabricación de equipo eléctrico de iluminación', '-');
INSERT INTO FEL_SV_TBL_ACTIVIDAD_ECONOMICA (CODIGO, VALOR, VALOR_JDE) VALUES ('27500','Fabricación de aparatos de uso doméstico', '-');
INSERT INTO FEL_SV_TBL_ACTIVIDAD_ECONOMICA (CODIGO, VALOR, VALOR_JDE) VALUES ('27900','Fabricación de otros tipos de equipo eléctrico', '-');
INSERT INTO FEL_SV_TBL_ACTIVIDAD_ECONOMICA (CODIGO, VALOR, VALOR_JDE) VALUES ('28110','Fabricación de motores y turbinas, excepto motores para aeronaves, vehículos automotores y motocicletas', '-');
INSERT INTO FEL_SV_TBL_ACTIVIDAD_ECONOMICA (CODIGO, VALOR, VALOR_JDE) VALUES ('28120','Fabricación de equipo hidráulico', '-');
INSERT INTO FEL_SV_TBL_ACTIVIDAD_ECONOMICA (CODIGO, VALOR, VALOR_JDE) VALUES ('28130','Fabricación de otras bombas, compresores, grifos y válvulas', '-');
INSERT INTO FEL_SV_TBL_ACTIVIDAD_ECONOMICA (CODIGO, VALOR, VALOR_JDE) VALUES ('28140','Fabricación de cojinetes, engranajes, trenes de engranajes y piezas de transmisión', '-');
INSERT INTO FEL_SV_TBL_ACTIVIDAD_ECONOMICA (CODIGO, VALOR, VALOR_JDE) VALUES ('28150','Fabricación de hornos y quemadores', '-');
INSERT INTO FEL_SV_TBL_ACTIVIDAD_ECONOMICA (CODIGO, VALOR, VALOR_JDE) VALUES ('28160','Fabricación de equipo de elevación y manipulación', '-');
INSERT INTO FEL_SV_TBL_ACTIVIDAD_ECONOMICA (CODIGO, VALOR, VALOR_JDE) VALUES ('28170','Fabricación de maquinaria y equipo de oficina', '-');
INSERT INTO FEL_SV_TBL_ACTIVIDAD_ECONOMICA (CODIGO, VALOR, VALOR_JDE) VALUES ('28180','Fabricación de herramientas manuales', '-');
INSERT INTO FEL_SV_TBL_ACTIVIDAD_ECONOMICA (CODIGO, VALOR, VALOR_JDE) VALUES ('28190','Fabricación de otros tipos de maquinaria de uso general', '-');
INSERT INTO FEL_SV_TBL_ACTIVIDAD_ECONOMICA (CODIGO, VALOR, VALOR_JDE) VALUES ('28210','Fabricación de maquinaria agropecuaria y forestal', '-');
INSERT INTO FEL_SV_TBL_ACTIVIDAD_ECONOMICA (CODIGO, VALOR, VALOR_JDE) VALUES ('28220','Fabricación de máquinas para conformar metales y maquinaria herramienta', '-');
INSERT INTO FEL_SV_TBL_ACTIVIDAD_ECONOMICA (CODIGO, VALOR, VALOR_JDE) VALUES ('28230','Fabricación de maquinaria metalúrgica', '-');
INSERT INTO FEL_SV_TBL_ACTIVIDAD_ECONOMICA (CODIGO, VALOR, VALOR_JDE) VALUES ('28240','Fabricación de maquinaria para la explotación de minas y canteras y para obras de construcción', '-');
INSERT INTO FEL_SV_TBL_ACTIVIDAD_ECONOMICA (CODIGO, VALOR, VALOR_JDE) VALUES ('28250','Fabricación de maquinaria para la elaboración de alimentos, bebidas y tabaco', '-');
INSERT INTO FEL_SV_TBL_ACTIVIDAD_ECONOMICA (CODIGO, VALOR, VALOR_JDE) VALUES ('28260','Fabricación de maquinaria para la elaboración de productos textiles, prendas de vestir y cueros', '-');
INSERT INTO FEL_SV_TBL_ACTIVIDAD_ECONOMICA (CODIGO, VALOR, VALOR_JDE) VALUES ('28291','Fabricación de máquinas para imprenta', '-');
INSERT INTO FEL_SV_TBL_ACTIVIDAD_ECONOMICA (CODIGO, VALOR, VALOR_JDE) VALUES ('28299','Fabricación de maquinaria de uso especial ncp', '-');
INSERT INTO FEL_SV_TBL_ACTIVIDAD_ECONOMICA (CODIGO, VALOR, VALOR_JDE) VALUES ('29100','Fabricación vehículos automotores', '-');
INSERT INTO FEL_SV_TBL_ACTIVIDAD_ECONOMICA (CODIGO, VALOR, VALOR_JDE) VALUES ('29200','Fabricación de carrocerías para vehículos automotores; fabricación de remolques y semiremolques', '-');
INSERT INTO FEL_SV_TBL_ACTIVIDAD_ECONOMICA (CODIGO, VALOR, VALOR_JDE) VALUES ('29300','Fabricación de partes, piezas y accesorios para vehículos automotores', '-');
INSERT INTO FEL_SV_TBL_ACTIVIDAD_ECONOMICA (CODIGO, VALOR, VALOR_JDE) VALUES ('30110','Fabricación de buques', '-');
INSERT INTO FEL_SV_TBL_ACTIVIDAD_ECONOMICA (CODIGO, VALOR, VALOR_JDE) VALUES ('30120','Construcción y reparación de embarcaciones de recreo', '-');
INSERT INTO FEL_SV_TBL_ACTIVIDAD_ECONOMICA (CODIGO, VALOR, VALOR_JDE) VALUES ('30200','Fabricación de locomotoras y de material rodante', '-');
INSERT INTO FEL_SV_TBL_ACTIVIDAD_ECONOMICA (CODIGO, VALOR, VALOR_JDE) VALUES ('30300','Fabricación de aeronaves y naves espaciales', '-');
INSERT INTO FEL_SV_TBL_ACTIVIDAD_ECONOMICA (CODIGO, VALOR, VALOR_JDE) VALUES ('30400','Fabricación de vehículos militares de combate', '-');
INSERT INTO FEL_SV_TBL_ACTIVIDAD_ECONOMICA (CODIGO, VALOR, VALOR_JDE) VALUES ('30910','Fabricación de motocicletas', '-');
INSERT INTO FEL_SV_TBL_ACTIVIDAD_ECONOMICA (CODIGO, VALOR, VALOR_JDE) VALUES ('30920','Fabricación de bicicletas y sillones de ruedas para inválidos', '-');
INSERT INTO FEL_SV_TBL_ACTIVIDAD_ECONOMICA (CODIGO, VALOR, VALOR_JDE) VALUES ('30990','Fabricación de equipo de transporte ncp', '-');
INSERT INTO FEL_SV_TBL_ACTIVIDAD_ECONOMICA (CODIGO, VALOR, VALOR_JDE) VALUES ('31001','Fabricación de colchones y somier', '-');
INSERT INTO FEL_SV_TBL_ACTIVIDAD_ECONOMICA (CODIGO, VALOR, VALOR_JDE) VALUES ('31002','Fabricación de muebles y otros productos de madera a medida', '-');
INSERT INTO FEL_SV_TBL_ACTIVIDAD_ECONOMICA (CODIGO, VALOR, VALOR_JDE) VALUES ('31008','Servicios de maquilado de muebles', '-');
INSERT INTO FEL_SV_TBL_ACTIVIDAD_ECONOMICA (CODIGO, VALOR, VALOR_JDE) VALUES ('31009','Fabricación de muebles ncp', '-');
INSERT INTO FEL_SV_TBL_ACTIVIDAD_ECONOMICA (CODIGO, VALOR, VALOR_JDE) VALUES ('32110','Fabricación de joyas platerías y joyerías', '-');
INSERT INTO FEL_SV_TBL_ACTIVIDAD_ECONOMICA (CODIGO, VALOR, VALOR_JDE) VALUES ('32120','Fabricación de joyas de imitación (fantasía) y artículos conexos', '-');
INSERT INTO FEL_SV_TBL_ACTIVIDAD_ECONOMICA (CODIGO, VALOR, VALOR_JDE) VALUES ('32200','Fabricación de instrumentos musicales', '-');
INSERT INTO FEL_SV_TBL_ACTIVIDAD_ECONOMICA (CODIGO, VALOR, VALOR_JDE) VALUES ('32301','Fabricación de artículos de deporte', '-');
INSERT INTO FEL_SV_TBL_ACTIVIDAD_ECONOMICA (CODIGO, VALOR, VALOR_JDE) VALUES ('32308','Servicio de maquila de productos deportivos', '-');
INSERT INTO FEL_SV_TBL_ACTIVIDAD_ECONOMICA (CODIGO, VALOR, VALOR_JDE) VALUES ('32401','Fabricación de juegos de mesa y de salón', '-');
INSERT INTO FEL_SV_TBL_ACTIVIDAD_ECONOMICA (CODIGO, VALOR, VALOR_JDE) VALUES ('32402','Servicio de maquilado de juguetes y juegos', '-');
INSERT INTO FEL_SV_TBL_ACTIVIDAD_ECONOMICA (CODIGO, VALOR, VALOR_JDE) VALUES ('32409','Fabricación de juegos y juguetes n.c.p.', '-');
INSERT INTO FEL_SV_TBL_ACTIVIDAD_ECONOMICA (CODIGO, VALOR, VALOR_JDE) VALUES ('32500','Fabricación de instrumentos y materiales médicos y odontológicos', '-');
INSERT INTO FEL_SV_TBL_ACTIVIDAD_ECONOMICA (CODIGO, VALOR, VALOR_JDE) VALUES ('32901','Fabricación de lápices, bolígrafos, sellos y artículos de librería en general', '-');
INSERT INTO FEL_SV_TBL_ACTIVIDAD_ECONOMICA (CODIGO, VALOR, VALOR_JDE) VALUES ('32902','Fabricación de escobas, cepillos, pinceles y similares', '-');
INSERT INTO FEL_SV_TBL_ACTIVIDAD_ECONOMICA (CODIGO, VALOR, VALOR_JDE) VALUES ('32903','Fabricación de artesanías de materiales diversos', '-');
INSERT INTO FEL_SV_TBL_ACTIVIDAD_ECONOMICA (CODIGO, VALOR, VALOR_JDE) VALUES ('32904','Fabricación de artículos de uso personal y domésticos n.c.p.', '-');
INSERT INTO FEL_SV_TBL_ACTIVIDAD_ECONOMICA (CODIGO, VALOR, VALOR_JDE) VALUES ('32905','Fabricación de accesorios para las confecciones y la marroquinería n.c.p.', '-');
INSERT INTO FEL_SV_TBL_ACTIVIDAD_ECONOMICA (CODIGO, VALOR, VALOR_JDE) VALUES ('32908','Servicios de maquila ncp', '-');
INSERT INTO FEL_SV_TBL_ACTIVIDAD_ECONOMICA (CODIGO, VALOR, VALOR_JDE) VALUES ('32909','Fabricación de productos manufacturados n.c.p.', '-');
INSERT INTO FEL_SV_TBL_ACTIVIDAD_ECONOMICA (CODIGO, VALOR, VALOR_JDE) VALUES ('33110','Reparación y mantenimiento de productos elaborados de metal', '-');
INSERT INTO FEL_SV_TBL_ACTIVIDAD_ECONOMICA (CODIGO, VALOR, VALOR_JDE) VALUES ('33120','Reparación y mantenimiento de maquinaria', '-');
INSERT INTO FEL_SV_TBL_ACTIVIDAD_ECONOMICA (CODIGO, VALOR, VALOR_JDE) VALUES ('33130','Reparación y mantenimiento de equipo electrónico y óptico', '-');
INSERT INTO FEL_SV_TBL_ACTIVIDAD_ECONOMICA (CODIGO, VALOR, VALOR_JDE) VALUES ('33140','Reparación y mantenimiento  de equipo eléctrico', '-');
INSERT INTO FEL_SV_TBL_ACTIVIDAD_ECONOMICA (CODIGO, VALOR, VALOR_JDE) VALUES ('33150','Reparación y mantenimiento de equipo de transporte, excepto vehículos automotores', '-');
INSERT INTO FEL_SV_TBL_ACTIVIDAD_ECONOMICA (CODIGO, VALOR, VALOR_JDE) VALUES ('33190','Reparación y mantenimiento de equipos n.c.p.', '-');
INSERT INTO FEL_SV_TBL_ACTIVIDAD_ECONOMICA (CODIGO, VALOR, VALOR_JDE) VALUES ('33200','Instalación de maquinaria y equipo industrial', '-');
INSERT INTO FEL_SV_TBL_ACTIVIDAD_ECONOMICA (CODIGO, VALOR, VALOR_JDE) VALUES ('35101','Generación de energía eléctrica', '-');
INSERT INTO FEL_SV_TBL_ACTIVIDAD_ECONOMICA (CODIGO, VALOR, VALOR_JDE) VALUES ('35102','Transmisión de energía eléctrica', '-');
INSERT INTO FEL_SV_TBL_ACTIVIDAD_ECONOMICA (CODIGO, VALOR, VALOR_JDE) VALUES ('35103','Distribución de energía eléctrica', '-');
INSERT INTO FEL_SV_TBL_ACTIVIDAD_ECONOMICA (CODIGO, VALOR, VALOR_JDE) VALUES ('35200','Fabricación de gas, distribución de combustibles gaseosos por tuberías', '-');
INSERT INTO FEL_SV_TBL_ACTIVIDAD_ECONOMICA (CODIGO, VALOR, VALOR_JDE) VALUES ('35300','Suministro de vapor y agua caliente', '-');
INSERT INTO FEL_SV_TBL_ACTIVIDAD_ECONOMICA (CODIGO, VALOR, VALOR_JDE) VALUES ('36000','Captación, tratamiento y suministro de agua', '-');
INSERT INTO FEL_SV_TBL_ACTIVIDAD_ECONOMICA (CODIGO, VALOR, VALOR_JDE) VALUES ('37000','Evacuación de aguas residuales (alcantarillado)', '-');
INSERT INTO FEL_SV_TBL_ACTIVIDAD_ECONOMICA (CODIGO, VALOR, VALOR_JDE) VALUES ('38110','Recolección y transporte de desechos sólidos proveniente de hogares y  sector urbano', '-');
INSERT INTO FEL_SV_TBL_ACTIVIDAD_ECONOMICA (CODIGO, VALOR, VALOR_JDE) VALUES ('38120','Recolección de desechos peligrosos', '-');
INSERT INTO FEL_SV_TBL_ACTIVIDAD_ECONOMICA (CODIGO, VALOR, VALOR_JDE) VALUES ('38210','Tratamiento y eliminación de desechos inicuos', '-');
INSERT INTO FEL_SV_TBL_ACTIVIDAD_ECONOMICA (CODIGO, VALOR, VALOR_JDE) VALUES ('38220','Tratamiento y eliminación de desechos peligrosos', '-');
INSERT INTO FEL_SV_TBL_ACTIVIDAD_ECONOMICA (CODIGO, VALOR, VALOR_JDE) VALUES ('38301','Reciclaje de desperdicios y desechos textiles', '-');
INSERT INTO FEL_SV_TBL_ACTIVIDAD_ECONOMICA (CODIGO, VALOR, VALOR_JDE) VALUES ('38302','Reciclaje de desperdicios y desechos de plástico y caucho', '-');
INSERT INTO FEL_SV_TBL_ACTIVIDAD_ECONOMICA (CODIGO, VALOR, VALOR_JDE) VALUES ('38303','Reciclaje de desperdicios y desechos de vidrio', '-');
INSERT INTO FEL_SV_TBL_ACTIVIDAD_ECONOMICA (CODIGO, VALOR, VALOR_JDE) VALUES ('38304','Reciclaje de desperdicios y desechos de papel y cartón', '-');
INSERT INTO FEL_SV_TBL_ACTIVIDAD_ECONOMICA (CODIGO, VALOR, VALOR_JDE) VALUES ('38305','Reciclaje de desperdicios y desechos metálicos', '-');
INSERT INTO FEL_SV_TBL_ACTIVIDAD_ECONOMICA (CODIGO, VALOR, VALOR_JDE) VALUES ('38309','Reciclaje de desperdicios y desechos no metálicos  n.c.p.', '-');
INSERT INTO FEL_SV_TBL_ACTIVIDAD_ECONOMICA (CODIGO, VALOR, VALOR_JDE) VALUES ('39000','Actividades de Saneamiento y otros Servicios de Gestión de Desechos', '-');
INSERT INTO FEL_SV_TBL_ACTIVIDAD_ECONOMICA (CODIGO, VALOR, VALOR_JDE) VALUES ('41001','Construcción de edificios residenciales', '-');
INSERT INTO FEL_SV_TBL_ACTIVIDAD_ECONOMICA (CODIGO, VALOR, VALOR_JDE) VALUES ('41002','Construcción de edificios no residenciales', '-');
INSERT INTO FEL_SV_TBL_ACTIVIDAD_ECONOMICA (CODIGO, VALOR, VALOR_JDE) VALUES ('42100','Construcción de carreteras, calles y caminos', '-');
INSERT INTO FEL_SV_TBL_ACTIVIDAD_ECONOMICA (CODIGO, VALOR, VALOR_JDE) VALUES ('42200','Construcción de proyectos de servicio público', '-');
INSERT INTO FEL_SV_TBL_ACTIVIDAD_ECONOMICA (CODIGO, VALOR, VALOR_JDE) VALUES ('42900','Construcción de obras de ingeniería civil n.c.p.', '-');
INSERT INTO FEL_SV_TBL_ACTIVIDAD_ECONOMICA (CODIGO, VALOR, VALOR_JDE) VALUES ('43110','Demolición', '-');
INSERT INTO FEL_SV_TBL_ACTIVIDAD_ECONOMICA (CODIGO, VALOR, VALOR_JDE) VALUES ('43120','Preparación de terreno', '-');
INSERT INTO FEL_SV_TBL_ACTIVIDAD_ECONOMICA (CODIGO, VALOR, VALOR_JDE) VALUES ('43210','Instalaciones eléctricas', '-');
INSERT INTO FEL_SV_TBL_ACTIVIDAD_ECONOMICA (CODIGO, VALOR, VALOR_JDE) VALUES ('43220','Instalación de fontanería, calefacción y aire acondicionado', '-');
INSERT INTO FEL_SV_TBL_ACTIVIDAD_ECONOMICA (CODIGO, VALOR, VALOR_JDE) VALUES ('43290','Otras instalaciones para obras de construcción', '-');
INSERT INTO FEL_SV_TBL_ACTIVIDAD_ECONOMICA (CODIGO, VALOR, VALOR_JDE) VALUES ('43300','Terminación y acabado de edificios', '-');
INSERT INTO FEL_SV_TBL_ACTIVIDAD_ECONOMICA (CODIGO, VALOR, VALOR_JDE) VALUES ('43900','Otras actividades especializadas de construcción', '-');
INSERT INTO FEL_SV_TBL_ACTIVIDAD_ECONOMICA (CODIGO, VALOR, VALOR_JDE) VALUES ('43901','Fabricación de techos y materiales diversos', '-');
INSERT INTO FEL_SV_TBL_ACTIVIDAD_ECONOMICA (CODIGO, VALOR, VALOR_JDE) VALUES ('45100','Venta de vehículos automotores', '-');
INSERT INTO FEL_SV_TBL_ACTIVIDAD_ECONOMICA (CODIGO, VALOR, VALOR_JDE) VALUES ('45201','Reparación mecánica de vehículos automotores', '-');
INSERT INTO FEL_SV_TBL_ACTIVIDAD_ECONOMICA (CODIGO, VALOR, VALOR_JDE) VALUES ('45202','Reparaciones eléctricas del automotor y recarga de baterías', '-');
INSERT INTO FEL_SV_TBL_ACTIVIDAD_ECONOMICA (CODIGO, VALOR, VALOR_JDE) VALUES ('45203','Enderezado y pintura de vehículos automotores', '-');
INSERT INTO FEL_SV_TBL_ACTIVIDAD_ECONOMICA (CODIGO, VALOR, VALOR_JDE) VALUES ('45204','Reparaciones de radiadores, escapes y silenciadores', '-');
INSERT INTO FEL_SV_TBL_ACTIVIDAD_ECONOMICA (CODIGO, VALOR, VALOR_JDE) VALUES ('45205','Reparación y reconstrucción de vías, stop y otros artículos de fibra de vidrio', '-');
INSERT INTO FEL_SV_TBL_ACTIVIDAD_ECONOMICA (CODIGO, VALOR, VALOR_JDE) VALUES ('45206','Reparación de llantas de vehículos automotores', '-');
INSERT INTO FEL_SV_TBL_ACTIVIDAD_ECONOMICA (CODIGO, VALOR, VALOR_JDE) VALUES ('45207','Polarizado de vehículos (mediante la adhesión de papel especial a los vidrios)', '-');
INSERT INTO FEL_SV_TBL_ACTIVIDAD_ECONOMICA (CODIGO, VALOR, VALOR_JDE) VALUES ('45208','Lavado y pasteado de vehículos (carwash)', '-');
INSERT INTO FEL_SV_TBL_ACTIVIDAD_ECONOMICA (CODIGO, VALOR, VALOR_JDE) VALUES ('45209','Reparaciones de vehículos n.c.p.', '-');
INSERT INTO FEL_SV_TBL_ACTIVIDAD_ECONOMICA (CODIGO, VALOR, VALOR_JDE) VALUES ('45211','Remolque de vehículos automotores', '-');
INSERT INTO FEL_SV_TBL_ACTIVIDAD_ECONOMICA (CODIGO, VALOR, VALOR_JDE) VALUES ('45301','Venta de partes, piezas y accesorios nuevos para vehículos automotores', '-');
INSERT INTO FEL_SV_TBL_ACTIVIDAD_ECONOMICA (CODIGO, VALOR, VALOR_JDE) VALUES ('45302','Venta de partes, piezas y accesorios usados para vehículos automotores', '-');
INSERT INTO FEL_SV_TBL_ACTIVIDAD_ECONOMICA (CODIGO, VALOR, VALOR_JDE) VALUES ('45401','Venta de motocicletas', '-');
INSERT INTO FEL_SV_TBL_ACTIVIDAD_ECONOMICA (CODIGO, VALOR, VALOR_JDE) VALUES ('45402','Venta de repuestos, piezas y accesorios de motocicletas', '-');
INSERT INTO FEL_SV_TBL_ACTIVIDAD_ECONOMICA (CODIGO, VALOR, VALOR_JDE) VALUES ('45403','Mantenimiento y reparación  de motocicletas', '-');
INSERT INTO FEL_SV_TBL_ACTIVIDAD_ECONOMICA (CODIGO, VALOR, VALOR_JDE) VALUES ('46100','Venta al por mayor a cambio de retribución o por contrata', '-');
INSERT INTO FEL_SV_TBL_ACTIVIDAD_ECONOMICA (CODIGO, VALOR, VALOR_JDE) VALUES ('46201','Venta al por mayor de materias primas agrícolas', '-');
INSERT INTO FEL_SV_TBL_ACTIVIDAD_ECONOMICA (CODIGO, VALOR, VALOR_JDE) VALUES ('46202','Venta al por mayor de productos de la silvicultura', '-');
INSERT INTO FEL_SV_TBL_ACTIVIDAD_ECONOMICA (CODIGO, VALOR, VALOR_JDE) VALUES ('46203','Venta al por mayor de productos pecuarios y de granja', '-');
INSERT INTO FEL_SV_TBL_ACTIVIDAD_ECONOMICA (CODIGO, VALOR, VALOR_JDE) VALUES ('46211','Venta de productos para uso agropecuario', '-');
INSERT INTO FEL_SV_TBL_ACTIVIDAD_ECONOMICA (CODIGO, VALOR, VALOR_JDE) VALUES ('46291','Venta al por mayor de granos básicos (cereales, leguminosas)', '-');
INSERT INTO FEL_SV_TBL_ACTIVIDAD_ECONOMICA (CODIGO, VALOR, VALOR_JDE) VALUES ('46292','Venta  al por mayor de semillas mejoradas para cultivo', '-');
INSERT INTO FEL_SV_TBL_ACTIVIDAD_ECONOMICA (CODIGO, VALOR, VALOR_JDE) VALUES ('46293','Venta  al por mayor de café oro y uva', '-');
INSERT INTO FEL_SV_TBL_ACTIVIDAD_ECONOMICA (CODIGO, VALOR, VALOR_JDE) VALUES ('46294','Venta  al por mayor de caña de azúcar', '-');
INSERT INTO FEL_SV_TBL_ACTIVIDAD_ECONOMICA (CODIGO, VALOR, VALOR_JDE) VALUES ('46295','Venta al por mayor de flores, plantas  y otros productos naturales', '-');
INSERT INTO FEL_SV_TBL_ACTIVIDAD_ECONOMICA (CODIGO, VALOR, VALOR_JDE) VALUES ('46296','Venta al por mayor de productos agrícolas', '-');
INSERT INTO FEL_SV_TBL_ACTIVIDAD_ECONOMICA (CODIGO, VALOR, VALOR_JDE) VALUES ('46297','Venta  al por mayor de ganado bovino (vivo)', '-');
INSERT INTO FEL_SV_TBL_ACTIVIDAD_ECONOMICA (CODIGO, VALOR, VALOR_JDE) VALUES ('46298','Venta al por mayor de animales porcinos, ovinos, caprino, canículas, apícolas, avícolas vivos', '-');
INSERT INTO FEL_SV_TBL_ACTIVIDAD_ECONOMICA (CODIGO, VALOR, VALOR_JDE) VALUES ('46299','Venta de otras especies vivas del reino animal', '-');
INSERT INTO FEL_SV_TBL_ACTIVIDAD_ECONOMICA (CODIGO, VALOR, VALOR_JDE) VALUES ('46301','Venta al por mayor de alimentos', '-');
INSERT INTO FEL_SV_TBL_ACTIVIDAD_ECONOMICA (CODIGO, VALOR, VALOR_JDE) VALUES ('46302','Venta al por mayor de bebidas', '-');
INSERT INTO FEL_SV_TBL_ACTIVIDAD_ECONOMICA (CODIGO, VALOR, VALOR_JDE) VALUES ('46303','Venta al por mayor de tabaco', '-');
INSERT INTO FEL_SV_TBL_ACTIVIDAD_ECONOMICA (CODIGO, VALOR, VALOR_JDE) VALUES ('46371','Venta al por mayor de frutas, hortalizas (verduras), legumbres y tubérculos', '-');
INSERT INTO FEL_SV_TBL_ACTIVIDAD_ECONOMICA (CODIGO, VALOR, VALOR_JDE) VALUES ('46372','Venta al por mayor de pollos, gallinas destazadas, pavos y otras aves', '-');
INSERT INTO FEL_SV_TBL_ACTIVIDAD_ECONOMICA (CODIGO, VALOR, VALOR_JDE) VALUES ('46373','Venta al por mayor de carne bovina y porcina, productos de carne y embutidos', '-');
INSERT INTO FEL_SV_TBL_ACTIVIDAD_ECONOMICA (CODIGO, VALOR, VALOR_JDE) VALUES ('46374','Venta  al por mayor de huevos', '-');
INSERT INTO FEL_SV_TBL_ACTIVIDAD_ECONOMICA (CODIGO, VALOR, VALOR_JDE) VALUES ('46375','Venta al por mayor de productos lácteos', '-');
INSERT INTO FEL_SV_TBL_ACTIVIDAD_ECONOMICA (CODIGO, VALOR, VALOR_JDE) VALUES ('46376','Venta al por mayor de productos farináceos de panadería (pan dulce, cakes, respostería, etc.)', '-');
INSERT INTO FEL_SV_TBL_ACTIVIDAD_ECONOMICA (CODIGO, VALOR, VALOR_JDE) VALUES ('46377','Venta al por mayor de pastas alimenticas, aceites y grasas comestibles vegetal y animal', '-');
INSERT INTO FEL_SV_TBL_ACTIVIDAD_ECONOMICA (CODIGO, VALOR, VALOR_JDE) VALUES ('46378','Venta al por mayor de sal comestible', '-');
INSERT INTO FEL_SV_TBL_ACTIVIDAD_ECONOMICA (CODIGO, VALOR, VALOR_JDE) VALUES ('46379','Venta al por mayor de azúcar', '-');
INSERT INTO FEL_SV_TBL_ACTIVIDAD_ECONOMICA (CODIGO, VALOR, VALOR_JDE) VALUES ('46391','Venta al por mayor de abarrotes (vinos, licores, productos alimenticios envasados, etc.)', '-');
INSERT INTO FEL_SV_TBL_ACTIVIDAD_ECONOMICA (CODIGO, VALOR, VALOR_JDE) VALUES ('46392','Venta al por mayor de aguas gaseosas', '-');
INSERT INTO FEL_SV_TBL_ACTIVIDAD_ECONOMICA (CODIGO, VALOR, VALOR_JDE) VALUES ('46393','Venta al por mayor de agua purificada', '-');
INSERT INTO FEL_SV_TBL_ACTIVIDAD_ECONOMICA (CODIGO, VALOR, VALOR_JDE) VALUES ('46394','Venta al por mayor de refrescos y otras bebidas, líquidas o en polvo', '-');
INSERT INTO FEL_SV_TBL_ACTIVIDAD_ECONOMICA (CODIGO, VALOR, VALOR_JDE) VALUES ('46395','Venta al por mayor de cerveza y licores', '-');
INSERT INTO FEL_SV_TBL_ACTIVIDAD_ECONOMICA (CODIGO, VALOR, VALOR_JDE) VALUES ('46396','Venta al por mayor de hielo', '-');
INSERT INTO FEL_SV_TBL_ACTIVIDAD_ECONOMICA (CODIGO, VALOR, VALOR_JDE) VALUES ('46411','Venta al por mayor de hilados, tejidos y productos textiles de mercería', '-');
INSERT INTO FEL_SV_TBL_ACTIVIDAD_ECONOMICA (CODIGO, VALOR, VALOR_JDE) VALUES ('46412','Venta al por mayor de artículos textiles excepto confecciones para el hogar', '-');
INSERT INTO FEL_SV_TBL_ACTIVIDAD_ECONOMICA (CODIGO, VALOR, VALOR_JDE) VALUES ('46413','Venta al por mayor de confecciones textiles para el hogar', '-');
INSERT INTO FEL_SV_TBL_ACTIVIDAD_ECONOMICA (CODIGO, VALOR, VALOR_JDE) VALUES ('46414','Venta al por mayor de prendas de vestir y accesorios de vestir', '-');
INSERT INTO FEL_SV_TBL_ACTIVIDAD_ECONOMICA (CODIGO, VALOR, VALOR_JDE) VALUES ('46415','Venta al por mayor de ropa usada', '-');
INSERT INTO FEL_SV_TBL_ACTIVIDAD_ECONOMICA (CODIGO, VALOR, VALOR_JDE) VALUES ('46416','Venta al por mayor de calzado', '-');
INSERT INTO FEL_SV_TBL_ACTIVIDAD_ECONOMICA (CODIGO, VALOR, VALOR_JDE) VALUES ('46417','Venta al por mayor de artículos de marroquinería y talabartería', '-');
INSERT INTO FEL_SV_TBL_ACTIVIDAD_ECONOMICA (CODIGO, VALOR, VALOR_JDE) VALUES ('46418','Venta al por mayor de artículos de peletería', '-');
INSERT INTO FEL_SV_TBL_ACTIVIDAD_ECONOMICA (CODIGO, VALOR, VALOR_JDE) VALUES ('46419','Venta al por mayor de otros artículos textiles n.c.p.', '-');
INSERT INTO FEL_SV_TBL_ACTIVIDAD_ECONOMICA (CODIGO, VALOR, VALOR_JDE) VALUES ('46471','Venta al por mayor de instrumentos musicales', '-');
INSERT INTO FEL_SV_TBL_ACTIVIDAD_ECONOMICA (CODIGO, VALOR, VALOR_JDE) VALUES ('46472','Venta al por mayor de colchones, almohadas, cojines, etc.', '-');
INSERT INTO FEL_SV_TBL_ACTIVIDAD_ECONOMICA (CODIGO, VALOR, VALOR_JDE) VALUES ('46473','Venta al por mayor de artículos de aluminio para el hogar y para otros usos', '-');
INSERT INTO FEL_SV_TBL_ACTIVIDAD_ECONOMICA (CODIGO, VALOR, VALOR_JDE) VALUES ('46474','Venta al por mayor de depósitos y otros artículos plásticos para el hogar y otros usos, incluyendo los desechables de durapax  y no desechables', '-');
INSERT INTO FEL_SV_TBL_ACTIVIDAD_ECONOMICA (CODIGO, VALOR, VALOR_JDE) VALUES ('46475','Venta al por mayor de cámaras fotográficas, accesorios y materiales', '-');
INSERT INTO FEL_SV_TBL_ACTIVIDAD_ECONOMICA (CODIGO, VALOR, VALOR_JDE) VALUES ('46482','Venta al por mayor de medicamentos, artículos y otros productos de uso veterinario', '-');
INSERT INTO FEL_SV_TBL_ACTIVIDAD_ECONOMICA (CODIGO, VALOR, VALOR_JDE) VALUES ('46483','Venta al por mayor de productos y artículos de belleza  y de  uso personal', '-');
INSERT INTO FEL_SV_TBL_ACTIVIDAD_ECONOMICA (CODIGO, VALOR, VALOR_JDE) VALUES ('46484','Venta de produtos farmacéuticos y medicinales', '-');
INSERT INTO FEL_SV_TBL_ACTIVIDAD_ECONOMICA (CODIGO, VALOR, VALOR_JDE) VALUES ('46491','Venta al por mayor de productos medicinales, cosméticos, perfumería y productos de limpieza', '-');
INSERT INTO FEL_SV_TBL_ACTIVIDAD_ECONOMICA (CODIGO, VALOR, VALOR_JDE) VALUES ('46492','Venta al por mayor de relojes y artículos de joyería', '-');
INSERT INTO FEL_SV_TBL_ACTIVIDAD_ECONOMICA (CODIGO, VALOR, VALOR_JDE) VALUES ('46493','Venta al por mayor de electrodomésticos y artículos del hogar excepto bazar;  artículos de iluminación', '-');
INSERT INTO FEL_SV_TBL_ACTIVIDAD_ECONOMICA (CODIGO, VALOR, VALOR_JDE) VALUES ('46494','Venta al por mayor de artículos de bazar y similares', '-');
INSERT INTO FEL_SV_TBL_ACTIVIDAD_ECONOMICA (CODIGO, VALOR, VALOR_JDE) VALUES ('46495','Venta al por mayor de artículos de óptica', '-');
INSERT INTO FEL_SV_TBL_ACTIVIDAD_ECONOMICA (CODIGO, VALOR, VALOR_JDE) VALUES ('46496','Venta al por mayor de revistas, periódicos, libros, artículos de librería y artículos de papel y cartón en general', '-');
INSERT INTO FEL_SV_TBL_ACTIVIDAD_ECONOMICA (CODIGO, VALOR, VALOR_JDE) VALUES ('46497','Venta de artículos deportivos, juguetes y rodados', '-');
INSERT INTO FEL_SV_TBL_ACTIVIDAD_ECONOMICA (CODIGO, VALOR, VALOR_JDE) VALUES ('46498','Venta al por mayor de productos usados para el hogar o el uso personal', '-');
INSERT INTO FEL_SV_TBL_ACTIVIDAD_ECONOMICA (CODIGO, VALOR, VALOR_JDE) VALUES ('46499','Venta al por mayor de enseres domésticos y de uso personal n.c.p.', '-');
INSERT INTO FEL_SV_TBL_ACTIVIDAD_ECONOMICA (CODIGO, VALOR, VALOR_JDE) VALUES ('46500','Venta al por mayor de bicicletas, partes, accesorios y otros', '-');
INSERT INTO FEL_SV_TBL_ACTIVIDAD_ECONOMICA (CODIGO, VALOR, VALOR_JDE) VALUES ('46510','Venta al por mayor de computadoras, equipo periférico y programas informáticos', '-');
INSERT INTO FEL_SV_TBL_ACTIVIDAD_ECONOMICA (CODIGO, VALOR, VALOR_JDE) VALUES ('46520','Venta al por mayor de equipos de comunicación', '-');
INSERT INTO FEL_SV_TBL_ACTIVIDAD_ECONOMICA (CODIGO, VALOR, VALOR_JDE) VALUES ('46530','Venta al por mayor de maquinaria y equipo agropecuario, accesorios, partes y suministros', '-');
INSERT INTO FEL_SV_TBL_ACTIVIDAD_ECONOMICA (CODIGO, VALOR, VALOR_JDE) VALUES ('46590','Venta de equipos e instrumentos de uso profesional y cientÍfico y aparatos de medida y control', '-');
INSERT INTO FEL_SV_TBL_ACTIVIDAD_ECONOMICA (CODIGO, VALOR, VALOR_JDE) VALUES ('46591','Venta al por mayor de maquinaria equipo, accesorios y materiales para la industria de la madera y  sus  productos', '-');
INSERT INTO FEL_SV_TBL_ACTIVIDAD_ECONOMICA (CODIGO, VALOR, VALOR_JDE) VALUES ('46592','Venta al por mayor de maquinaria,  equipo, accesorios y materiales para las industria gráfica y del papel, cartón y productos de papel y cartón', '-');
INSERT INTO FEL_SV_TBL_ACTIVIDAD_ECONOMICA (CODIGO, VALOR, VALOR_JDE) VALUES ('46593','Venta al por mayor de maquinaria, equipo, accesorios y materiales para la  industria de  productos químicos, plástico y caucho', '-');
INSERT INTO FEL_SV_TBL_ACTIVIDAD_ECONOMICA (CODIGO, VALOR, VALOR_JDE) VALUES ('46594','Venta al por mayor de maquinaria, equipo, accesorios y materiales para la industria metálica y de sus productos', '-');
INSERT INTO FEL_SV_TBL_ACTIVIDAD_ECONOMICA (CODIGO, VALOR, VALOR_JDE) VALUES ('46595','Venta al por mayor de equipamiento para uso médico, odontológico, veterinario y servicios conexos', '-');
INSERT INTO FEL_SV_TBL_ACTIVIDAD_ECONOMICA (CODIGO, VALOR, VALOR_JDE) VALUES ('46596','Venta al por mayor de maquinaria, equipo, accesorios y partes para la industria de la alimentación', '-');
INSERT INTO FEL_SV_TBL_ACTIVIDAD_ECONOMICA (CODIGO, VALOR, VALOR_JDE) VALUES ('46597','Venta al por mayor de maquinaria, equipo, accesorios y partes para la industria textil, confecciones y cuero', '-');
INSERT INTO FEL_SV_TBL_ACTIVIDAD_ECONOMICA (CODIGO, VALOR, VALOR_JDE) VALUES ('46598','Venta al por mayor de maquinaria, equipo y accesorios para la construcción y explotación de minas y canteras', '-');
INSERT INTO FEL_SV_TBL_ACTIVIDAD_ECONOMICA (CODIGO, VALOR, VALOR_JDE) VALUES ('46599','Venta al por mayor de otro tipo de maquinaria y equipo con sus accesorios y partes', '-');
INSERT INTO FEL_SV_TBL_ACTIVIDAD_ECONOMICA (CODIGO, VALOR, VALOR_JDE) VALUES ('46610','Venta al por mayor  de otros combustibles sólidos, líquidos, gaseosos y de productos conexos', '-');
INSERT INTO FEL_SV_TBL_ACTIVIDAD_ECONOMICA (CODIGO, VALOR, VALOR_JDE) VALUES ('46612','Venta al por mayor de combustibles para automotores, aviones, barcos, maquinaria  y otros', '-');
INSERT INTO FEL_SV_TBL_ACTIVIDAD_ECONOMICA (CODIGO, VALOR, VALOR_JDE) VALUES ('46613','Venta al por mayor de lubricantes, grasas y  otros aceites para automotores, maquinaria  industrial, etc.', '-');
INSERT INTO FEL_SV_TBL_ACTIVIDAD_ECONOMICA (CODIGO, VALOR, VALOR_JDE) VALUES ('46614','Venta al por mayor de gas propano', '-');
INSERT INTO FEL_SV_TBL_ACTIVIDAD_ECONOMICA (CODIGO, VALOR, VALOR_JDE) VALUES ('46615','Venta al  por mayor de leña y carbón', '-');
INSERT INTO FEL_SV_TBL_ACTIVIDAD_ECONOMICA (CODIGO, VALOR, VALOR_JDE) VALUES ('46620','Venta al por mayor de metales y minerales metalíferos', '-');
INSERT INTO FEL_SV_TBL_ACTIVIDAD_ECONOMICA (CODIGO, VALOR, VALOR_JDE) VALUES ('46631','Venta al por mayor de puertas, ventanas, vitrinas y similares', '-');
INSERT INTO FEL_SV_TBL_ACTIVIDAD_ECONOMICA (CODIGO, VALOR, VALOR_JDE) VALUES ('46632','Venta al por mayor de artículos de ferretería y pinturerías', '-');
INSERT INTO FEL_SV_TBL_ACTIVIDAD_ECONOMICA (CODIGO, VALOR, VALOR_JDE) VALUES ('46633','Vidrierías', '-');
INSERT INTO FEL_SV_TBL_ACTIVIDAD_ECONOMICA (CODIGO, VALOR, VALOR_JDE) VALUES ('46634','Venta al por mayor de maderas', '-');
INSERT INTO FEL_SV_TBL_ACTIVIDAD_ECONOMICA (CODIGO, VALOR, VALOR_JDE) VALUES ('46639','Venta al por mayor de materiales para la construcción n.c.p.', '-');
INSERT INTO FEL_SV_TBL_ACTIVIDAD_ECONOMICA (CODIGO, VALOR, VALOR_JDE) VALUES ('46691','Venta al por mayor de sal industrial sin yodar', '-');
INSERT INTO FEL_SV_TBL_ACTIVIDAD_ECONOMICA (CODIGO, VALOR, VALOR_JDE) VALUES ('46692','Venta al por mayor de productos intermedios y desechos de origen textil', '-');
INSERT INTO FEL_SV_TBL_ACTIVIDAD_ECONOMICA (CODIGO, VALOR, VALOR_JDE) VALUES ('46693','Venta al por mayor de productos intermedios y desechos de origen metálico', '-');
INSERT INTO FEL_SV_TBL_ACTIVIDAD_ECONOMICA (CODIGO, VALOR, VALOR_JDE) VALUES ('46694','Venta al por mayor de productos intermedios y desechos de papel y cartón', '-');
INSERT INTO FEL_SV_TBL_ACTIVIDAD_ECONOMICA (CODIGO, VALOR, VALOR_JDE) VALUES ('46695','Venta al por mayor fertilizantes, abonos, agroquímicos y productos similares', '-');
INSERT INTO FEL_SV_TBL_ACTIVIDAD_ECONOMICA (CODIGO, VALOR, VALOR_JDE) VALUES ('46696','Venta al por mayor de productos intermedios y desechos de origen plástico', '-');
INSERT INTO FEL_SV_TBL_ACTIVIDAD_ECONOMICA (CODIGO, VALOR, VALOR_JDE) VALUES ('46697','Venta al por mayor de tintas para imprenta, productos curtientes y materias y productos colorantes', '-');
INSERT INTO FEL_SV_TBL_ACTIVIDAD_ECONOMICA (CODIGO, VALOR, VALOR_JDE) VALUES ('46698','Venta de productos intermedios y desechos de origen químico y de caucho', '-');
INSERT INTO FEL_SV_TBL_ACTIVIDAD_ECONOMICA (CODIGO, VALOR, VALOR_JDE) VALUES ('46699','Venta al por mayor de productos intermedios y desechos ncp', '-');
INSERT INTO FEL_SV_TBL_ACTIVIDAD_ECONOMICA (CODIGO, VALOR, VALOR_JDE) VALUES ('46701','Venta de algodón en oro', '-');
INSERT INTO FEL_SV_TBL_ACTIVIDAD_ECONOMICA (CODIGO, VALOR, VALOR_JDE) VALUES ('46900','Venta al por mayor de otros productos', '-');
INSERT INTO FEL_SV_TBL_ACTIVIDAD_ECONOMICA (CODIGO, VALOR, VALOR_JDE) VALUES ('46901','Venta al por mayor de cohetes y otros productos pirotécnicos', '-');
INSERT INTO FEL_SV_TBL_ACTIVIDAD_ECONOMICA (CODIGO, VALOR, VALOR_JDE) VALUES ('46902','Venta al por mayor de articulos diversos para consumo humano', '-');
INSERT INTO FEL_SV_TBL_ACTIVIDAD_ECONOMICA (CODIGO, VALOR, VALOR_JDE) VALUES ('46903','Venta al por mayor de armas de fuego, municiones y accesorios', '-');
INSERT INTO FEL_SV_TBL_ACTIVIDAD_ECONOMICA (CODIGO, VALOR, VALOR_JDE) VALUES ('46904','Venta al por mayor de toldos y tiendas de campaña de cualquier material', '-');
INSERT INTO FEL_SV_TBL_ACTIVIDAD_ECONOMICA (CODIGO, VALOR, VALOR_JDE) VALUES ('46905','Venta al por mayor de exhibidores publicitarios y rótulos', '-');
INSERT INTO FEL_SV_TBL_ACTIVIDAD_ECONOMICA (CODIGO, VALOR, VALOR_JDE) VALUES ('46906','Venta al por mayor de artículos promocionales  diversos', '-');
INSERT INTO FEL_SV_TBL_ACTIVIDAD_ECONOMICA (CODIGO, VALOR, VALOR_JDE) VALUES ('47111','Venta en supermercados', '-');
INSERT INTO FEL_SV_TBL_ACTIVIDAD_ECONOMICA (CODIGO, VALOR, VALOR_JDE) VALUES ('47112','Venta en tiendas de articulos de primera necesidad', '-');
INSERT INTO FEL_SV_TBL_ACTIVIDAD_ECONOMICA (CODIGO, VALOR, VALOR_JDE) VALUES ('47119','Almacenes (venta de diversos artículos)', '-');
INSERT INTO FEL_SV_TBL_ACTIVIDAD_ECONOMICA (CODIGO, VALOR, VALOR_JDE) VALUES ('47190','Venta al por menor de otros productos en comercios no especializados', '-');
INSERT INTO FEL_SV_TBL_ACTIVIDAD_ECONOMICA (CODIGO, VALOR, VALOR_JDE) VALUES ('47199','Venta de establecimientos no especializados con surtido compuesto principalmente de alimentos, bebidas y tabaco', '-');
INSERT INTO FEL_SV_TBL_ACTIVIDAD_ECONOMICA (CODIGO, VALOR, VALOR_JDE) VALUES ('47211','Venta al por menor  de frutas y hortalizas', '-');
INSERT INTO FEL_SV_TBL_ACTIVIDAD_ECONOMICA (CODIGO, VALOR, VALOR_JDE) VALUES ('47212','Venta al por menor de carnes, embutidos y productos de granja', '-');
INSERT INTO FEL_SV_TBL_ACTIVIDAD_ECONOMICA (CODIGO, VALOR, VALOR_JDE) VALUES ('47213','Venta al por menor de pescado y mariscos', '-');
INSERT INTO FEL_SV_TBL_ACTIVIDAD_ECONOMICA (CODIGO, VALOR, VALOR_JDE) VALUES ('47214','Venta al por menor de productos  lácteos', '-');
INSERT INTO FEL_SV_TBL_ACTIVIDAD_ECONOMICA (CODIGO, VALOR, VALOR_JDE) VALUES ('47215','Venta al por menor de productos de panadería, repostería y galletas', '-');
INSERT INTO FEL_SV_TBL_ACTIVIDAD_ECONOMICA (CODIGO, VALOR, VALOR_JDE) VALUES ('47216','Venta al por menor de huevos', '-');
INSERT INTO FEL_SV_TBL_ACTIVIDAD_ECONOMICA (CODIGO, VALOR, VALOR_JDE) VALUES ('47217','Venta al por menor de carnes y productos cárnicos', '-');
INSERT INTO FEL_SV_TBL_ACTIVIDAD_ECONOMICA (CODIGO, VALOR, VALOR_JDE) VALUES ('47218','Venta al por menor  de granos básicos y otros', '-');
INSERT INTO FEL_SV_TBL_ACTIVIDAD_ECONOMICA (CODIGO, VALOR, VALOR_JDE) VALUES ('47219','Venta al por menor de alimentos n.c.p.', '-');
INSERT INTO FEL_SV_TBL_ACTIVIDAD_ECONOMICA (CODIGO, VALOR, VALOR_JDE) VALUES ('47221','Venta al por menor de hielo', '-');
INSERT INTO FEL_SV_TBL_ACTIVIDAD_ECONOMICA (CODIGO, VALOR, VALOR_JDE) VALUES ('47223','Venta de bebidas no alcohólicas, para su consumo fuera del establecimiento', '-');
INSERT INTO FEL_SV_TBL_ACTIVIDAD_ECONOMICA (CODIGO, VALOR, VALOR_JDE) VALUES ('47224','Venta de bebidas alcohólicas, para su consumo fuera del establecimiento', '-');
INSERT INTO FEL_SV_TBL_ACTIVIDAD_ECONOMICA (CODIGO, VALOR, VALOR_JDE) VALUES ('47225','Venta de bebidas alcohólicas para su consumo dentro del establecimiento', '-');
INSERT INTO FEL_SV_TBL_ACTIVIDAD_ECONOMICA (CODIGO, VALOR, VALOR_JDE) VALUES ('47230','Venta al por menor de tabaco', '-');
INSERT INTO FEL_SV_TBL_ACTIVIDAD_ECONOMICA (CODIGO, VALOR, VALOR_JDE) VALUES ('47300','Venta de combustibles, lubricantes y otros (gasolineras)', '-');
INSERT INTO FEL_SV_TBL_ACTIVIDAD_ECONOMICA (CODIGO, VALOR, VALOR_JDE) VALUES ('47411','Venta al por menor de computadoras y equipo periférico', '-');
INSERT INTO FEL_SV_TBL_ACTIVIDAD_ECONOMICA (CODIGO, VALOR, VALOR_JDE) VALUES ('47412','Venta de equipo y accesorios de telecomunicación', '-');
INSERT INTO FEL_SV_TBL_ACTIVIDAD_ECONOMICA (CODIGO, VALOR, VALOR_JDE) VALUES ('47420','Venta al por menor de equipo de audio y video', '-');
INSERT INTO FEL_SV_TBL_ACTIVIDAD_ECONOMICA (CODIGO, VALOR, VALOR_JDE) VALUES ('47510','Venta al por menor de hilados, tejidos y productos textiles de mercería; confecciones para el hogar y textiles n.c.p.', '-');
INSERT INTO FEL_SV_TBL_ACTIVIDAD_ECONOMICA (CODIGO, VALOR, VALOR_JDE) VALUES ('47521','Venta al por menor de productos de madera', '-');
INSERT INTO FEL_SV_TBL_ACTIVIDAD_ECONOMICA (CODIGO, VALOR, VALOR_JDE) VALUES ('47522','Venta al por menor de artículos de ferretería', '-');
INSERT INTO FEL_SV_TBL_ACTIVIDAD_ECONOMICA (CODIGO, VALOR, VALOR_JDE) VALUES ('47523','Venta al por menor de productos de pinturerías', '-');
INSERT INTO FEL_SV_TBL_ACTIVIDAD_ECONOMICA (CODIGO, VALOR, VALOR_JDE) VALUES ('47524','Venta al por menor en vidrierías', '-');
INSERT INTO FEL_SV_TBL_ACTIVIDAD_ECONOMICA (CODIGO, VALOR, VALOR_JDE) VALUES ('47529','Venta al por menor de materiales de construcción y artículos conexos', '-');
INSERT INTO FEL_SV_TBL_ACTIVIDAD_ECONOMICA (CODIGO, VALOR, VALOR_JDE) VALUES ('47530','Venta al por menor de tapices, alfombras y revestimientos de paredes y pisos en comercios  especializados', '-');
INSERT INTO FEL_SV_TBL_ACTIVIDAD_ECONOMICA (CODIGO, VALOR, VALOR_JDE) VALUES ('47591','Venta al por menor de muebles', '-');
INSERT INTO FEL_SV_TBL_ACTIVIDAD_ECONOMICA (CODIGO, VALOR, VALOR_JDE) VALUES ('47592','Venta al por menor de artículos de bazar', '-');
INSERT INTO FEL_SV_TBL_ACTIVIDAD_ECONOMICA (CODIGO, VALOR, VALOR_JDE) VALUES ('47593','Venta al por menor de aparatos electrodomésticos, repuestos y accesorios', '-');
INSERT INTO FEL_SV_TBL_ACTIVIDAD_ECONOMICA (CODIGO, VALOR, VALOR_JDE) VALUES ('47594','Venta al por menor de artículos eléctricos y de iluminación', '-');
INSERT INTO FEL_SV_TBL_ACTIVIDAD_ECONOMICA (CODIGO, VALOR, VALOR_JDE) VALUES ('47598','Venta al por menor de instrumentos musicales', '-');
INSERT INTO FEL_SV_TBL_ACTIVIDAD_ECONOMICA (CODIGO, VALOR, VALOR_JDE) VALUES ('47610','Venta al por menor de libros, periódicos y artículos de papelería en comercios especializados', '-');
INSERT INTO FEL_SV_TBL_ACTIVIDAD_ECONOMICA (CODIGO, VALOR, VALOR_JDE) VALUES ('47620','Venta al por menor de discos láser, cassettes, cintas de video y otros', '-');
INSERT INTO FEL_SV_TBL_ACTIVIDAD_ECONOMICA (CODIGO, VALOR, VALOR_JDE) VALUES ('47630','Venta al por menor de productos y equipos de deporte', '-');
INSERT INTO FEL_SV_TBL_ACTIVIDAD_ECONOMICA (CODIGO, VALOR, VALOR_JDE) VALUES ('47631','Venta al por menor de bicicletas, accesorios y repuestos', '-');
INSERT INTO FEL_SV_TBL_ACTIVIDAD_ECONOMICA (CODIGO, VALOR, VALOR_JDE) VALUES ('47640','Venta al por menor de juegos y juguetes  en comercios especializados', '-');
INSERT INTO FEL_SV_TBL_ACTIVIDAD_ECONOMICA (CODIGO, VALOR, VALOR_JDE) VALUES ('47711','Venta al por menor de prendas de vestir y accesorios de vestir', '-');
INSERT INTO FEL_SV_TBL_ACTIVIDAD_ECONOMICA (CODIGO, VALOR, VALOR_JDE) VALUES ('47712','Venta al por menor de calzado', '-');
INSERT INTO FEL_SV_TBL_ACTIVIDAD_ECONOMICA (CODIGO, VALOR, VALOR_JDE) VALUES ('47713','Venta al por menor de artículos de peletería, marroquinería y talabartería', '-');
INSERT INTO FEL_SV_TBL_ACTIVIDAD_ECONOMICA (CODIGO, VALOR, VALOR_JDE) VALUES ('47721','Venta al por menor de medicamentos farmacéuticos y otros materiales y artículos de uso médico, odontológico y veterinario', '-');
INSERT INTO FEL_SV_TBL_ACTIVIDAD_ECONOMICA (CODIGO, VALOR, VALOR_JDE) VALUES ('47722','Venta al por menor de productos cosméticos y de tocador', '-');
INSERT INTO FEL_SV_TBL_ACTIVIDAD_ECONOMICA (CODIGO, VALOR, VALOR_JDE) VALUES ('47731','Venta al por menor de productos de joyería, bisutería, óptica, relojería', '-');
INSERT INTO FEL_SV_TBL_ACTIVIDAD_ECONOMICA (CODIGO, VALOR, VALOR_JDE) VALUES ('47732','Venta al por menor de plantas, semillas, animales y artículos conexos', '-');
INSERT INTO FEL_SV_TBL_ACTIVIDAD_ECONOMICA (CODIGO, VALOR, VALOR_JDE) VALUES ('47733','Venta al por menor de combustibles de uso doméstico (gas propano y gas licuado)', '-');
INSERT INTO FEL_SV_TBL_ACTIVIDAD_ECONOMICA (CODIGO, VALOR, VALOR_JDE) VALUES ('47734','Venta al por menor de artesanías, artículos cerámicos y recuerdos en general', '-');
INSERT INTO FEL_SV_TBL_ACTIVIDAD_ECONOMICA (CODIGO, VALOR, VALOR_JDE) VALUES ('47735','Venta al por menor de ataúdes, lápidas y cruces, trofeos, artículos religiosos en general', '-');
INSERT INTO FEL_SV_TBL_ACTIVIDAD_ECONOMICA (CODIGO, VALOR, VALOR_JDE) VALUES ('47736','Venta al por menor de armas de fuego, municiones y accesorios', '-');
INSERT INTO FEL_SV_TBL_ACTIVIDAD_ECONOMICA (CODIGO, VALOR, VALOR_JDE) VALUES ('47737','Venta al por menor de artículos de cohetería y pirotécnicos', '-');
INSERT INTO FEL_SV_TBL_ACTIVIDAD_ECONOMICA (CODIGO, VALOR, VALOR_JDE) VALUES ('47738','Venta al por menor de artículos desechables de uso personal y doméstico (servilletas, papel higiénico, pañales, toallas sanitarias, etc.)', '-');
INSERT INTO FEL_SV_TBL_ACTIVIDAD_ECONOMICA (CODIGO, VALOR, VALOR_JDE) VALUES ('47739','Venta al por menor de otros productos  n.c.p.', '-');
INSERT INTO FEL_SV_TBL_ACTIVIDAD_ECONOMICA (CODIGO, VALOR, VALOR_JDE) VALUES ('47741','Venta al por menor de artículos usados', '-');
INSERT INTO FEL_SV_TBL_ACTIVIDAD_ECONOMICA (CODIGO, VALOR, VALOR_JDE) VALUES ('47742','Venta al por menor de textiles y confecciones usados', '-');
INSERT INTO FEL_SV_TBL_ACTIVIDAD_ECONOMICA (CODIGO, VALOR, VALOR_JDE) VALUES ('47743','Venta al por menor de libros, revistas, papel y cartón usados', '-');
INSERT INTO FEL_SV_TBL_ACTIVIDAD_ECONOMICA (CODIGO, VALOR, VALOR_JDE) VALUES ('47749','Venta al por menor de productos usados n.c.p.', '-');
INSERT INTO FEL_SV_TBL_ACTIVIDAD_ECONOMICA (CODIGO, VALOR, VALOR_JDE) VALUES ('47811','Venta al por menor de frutas, verduras y hortalizas', '-');
INSERT INTO FEL_SV_TBL_ACTIVIDAD_ECONOMICA (CODIGO, VALOR, VALOR_JDE) VALUES ('47812','Venta al por menor de carnes, embutidos y productos de granja', '-');
INSERT INTO FEL_SV_TBL_ACTIVIDAD_ECONOMICA (CODIGO, VALOR, VALOR_JDE) VALUES ('47814','Venta al por menor de productos lácteos', '-');
INSERT INTO FEL_SV_TBL_ACTIVIDAD_ECONOMICA (CODIGO, VALOR, VALOR_JDE) VALUES ('47815','Venta al por menor de productos de panadería, galletas y similares', '-');
INSERT INTO FEL_SV_TBL_ACTIVIDAD_ECONOMICA (CODIGO, VALOR, VALOR_JDE) VALUES ('47816','Venta al por menor de bebidas', '-');
INSERT INTO FEL_SV_TBL_ACTIVIDAD_ECONOMICA (CODIGO, VALOR, VALOR_JDE) VALUES ('47818','Venta al por menor en tiendas de mercado y puestos', '-');
INSERT INTO FEL_SV_TBL_ACTIVIDAD_ECONOMICA (CODIGO, VALOR, VALOR_JDE) VALUES ('47821','Venta al por menor de hilados, tejidos y productos textiles de mercería en puestos de mercados y ferias', '-');
INSERT INTO FEL_SV_TBL_ACTIVIDAD_ECONOMICA (CODIGO, VALOR, VALOR_JDE) VALUES ('47822','Venta al por menor de artículos textiles excepto confecciones para el hogar en puestos de mercados y ferias', '-');
INSERT INTO FEL_SV_TBL_ACTIVIDAD_ECONOMICA (CODIGO, VALOR, VALOR_JDE) VALUES ('47823','Venta al por menor de confecciones textiles para el hogar en puestos de mercados y ferias', '-');
INSERT INTO FEL_SV_TBL_ACTIVIDAD_ECONOMICA (CODIGO, VALOR, VALOR_JDE) VALUES ('47824','Venta al por menor de prendas de vestir, accesorios de vestir y similares en puestos de mercados y ferias', '-');
INSERT INTO FEL_SV_TBL_ACTIVIDAD_ECONOMICA (CODIGO, VALOR, VALOR_JDE) VALUES ('47825','Venta al por menor de ropa usada', '-');
INSERT INTO FEL_SV_TBL_ACTIVIDAD_ECONOMICA (CODIGO, VALOR, VALOR_JDE) VALUES ('47826','Venta al por menor de calzado, artículos de marroquinería y talabartería en puestos de mercados y ferias', '-');
INSERT INTO FEL_SV_TBL_ACTIVIDAD_ECONOMICA (CODIGO, VALOR, VALOR_JDE) VALUES ('47827','Venta al por menor de artículos de marroquinería y talabartería en puestos de mercados y ferias', '-');
INSERT INTO FEL_SV_TBL_ACTIVIDAD_ECONOMICA (CODIGO, VALOR, VALOR_JDE) VALUES ('47829','Venta al por menor de artículos textiles ncp en puestos de mercados y ferias', '-');
INSERT INTO FEL_SV_TBL_ACTIVIDAD_ECONOMICA (CODIGO, VALOR, VALOR_JDE) VALUES ('47891','Venta al por menor de animales, flores y productos conexos en puestos de feria y mercados', '-');
INSERT INTO FEL_SV_TBL_ACTIVIDAD_ECONOMICA (CODIGO, VALOR, VALOR_JDE) VALUES ('47892','Venta al por menor de productos medicinales, cosméticos, de tocador y de limpieza en puestos de ferias y mercados', '-');
INSERT INTO FEL_SV_TBL_ACTIVIDAD_ECONOMICA (CODIGO, VALOR, VALOR_JDE) VALUES ('47893','Venta al por menor de artículos de bazar en puestos de ferias y mercados', '-');
INSERT INTO FEL_SV_TBL_ACTIVIDAD_ECONOMICA (CODIGO, VALOR, VALOR_JDE) VALUES ('47894','Venta al por menor de artículos de papel, envases, libros, revistas y conexos en puestos de feria y mercados', '-');
INSERT INTO FEL_SV_TBL_ACTIVIDAD_ECONOMICA (CODIGO, VALOR, VALOR_JDE) VALUES ('47895','Venta al por menor de materiales de construcción, electrodomésticos, accesorios para autos y similares en puestos de feria y mercados', '-');
INSERT INTO FEL_SV_TBL_ACTIVIDAD_ECONOMICA (CODIGO, VALOR, VALOR_JDE) VALUES ('47896','Venta al por menor de equipos accesorios para las comunicaciones en puestos de feria y mercados', '-');
INSERT INTO FEL_SV_TBL_ACTIVIDAD_ECONOMICA (CODIGO, VALOR, VALOR_JDE) VALUES ('47899','Venta al por menor en puestos de ferias y mercados n.c.p.', '-');
INSERT INTO FEL_SV_TBL_ACTIVIDAD_ECONOMICA (CODIGO, VALOR, VALOR_JDE) VALUES ('47910','Venta al por menor por correo o Internet', '-');
INSERT INTO FEL_SV_TBL_ACTIVIDAD_ECONOMICA (CODIGO, VALOR, VALOR_JDE) VALUES ('47990','Otros tipos de venta al por menor no realizada, en almacenes, puestos de venta o mercado', '-');
INSERT INTO FEL_SV_TBL_ACTIVIDAD_ECONOMICA (CODIGO, VALOR, VALOR_JDE) VALUES ('49110','Transporte interurbano de pasajeros  por ferrocarril', '-');
INSERT INTO FEL_SV_TBL_ACTIVIDAD_ECONOMICA (CODIGO, VALOR, VALOR_JDE) VALUES ('49120','Transporte de carga por ferrocarril', '-');
INSERT INTO FEL_SV_TBL_ACTIVIDAD_ECONOMICA (CODIGO, VALOR, VALOR_JDE) VALUES ('49211','Transporte de pasajeros urbanos e interurbano mediante buses', '-');
INSERT INTO FEL_SV_TBL_ACTIVIDAD_ECONOMICA (CODIGO, VALOR, VALOR_JDE) VALUES ('49212','Transporte de pasajeros interdepartamental mediante microbuses', '-');
INSERT INTO FEL_SV_TBL_ACTIVIDAD_ECONOMICA (CODIGO, VALOR, VALOR_JDE) VALUES ('49213','Transporte de pasajeros urbanos e interurbano mediante microbuses', '-');
INSERT INTO FEL_SV_TBL_ACTIVIDAD_ECONOMICA (CODIGO, VALOR, VALOR_JDE) VALUES ('49214','Transporte de pasajeros interdepartamental mediante buses', '-');
INSERT INTO FEL_SV_TBL_ACTIVIDAD_ECONOMICA (CODIGO, VALOR, VALOR_JDE) VALUES ('49221','Transporte internacional de pasajeros', '-');
INSERT INTO FEL_SV_TBL_ACTIVIDAD_ECONOMICA (CODIGO, VALOR, VALOR_JDE) VALUES ('49222','Transporte de pasajeros mediante taxis y autos con chofer', '-');
INSERT INTO FEL_SV_TBL_ACTIVIDAD_ECONOMICA (CODIGO, VALOR, VALOR_JDE) VALUES ('49223','Transporte escolar', '-');
INSERT INTO FEL_SV_TBL_ACTIVIDAD_ECONOMICA (CODIGO, VALOR, VALOR_JDE) VALUES ('49225','Transporte de pasajeros para excursiones', '-');
INSERT INTO FEL_SV_TBL_ACTIVIDAD_ECONOMICA (CODIGO, VALOR, VALOR_JDE) VALUES ('49226','Servicios de transporte de personal', '-');
INSERT INTO FEL_SV_TBL_ACTIVIDAD_ECONOMICA (CODIGO, VALOR, VALOR_JDE) VALUES ('49229','Transporte de pasajeros por vía terrestre ncp', '-');
INSERT INTO FEL_SV_TBL_ACTIVIDAD_ECONOMICA (CODIGO, VALOR, VALOR_JDE) VALUES ('49231','Transporte de carga urbano', '-');
INSERT INTO FEL_SV_TBL_ACTIVIDAD_ECONOMICA (CODIGO, VALOR, VALOR_JDE) VALUES ('49232','Transporte nacional de carga', '-');
INSERT INTO FEL_SV_TBL_ACTIVIDAD_ECONOMICA (CODIGO, VALOR, VALOR_JDE) VALUES ('49233','Transporte de carga  internacional', '-');
INSERT INTO FEL_SV_TBL_ACTIVIDAD_ECONOMICA (CODIGO, VALOR, VALOR_JDE) VALUES ('49234','Servicios de  mudanza', '-');
INSERT INTO FEL_SV_TBL_ACTIVIDAD_ECONOMICA (CODIGO, VALOR, VALOR_JDE) VALUES ('49235','Alquiler de vehículos de carga con conductor', '-');
INSERT INTO FEL_SV_TBL_ACTIVIDAD_ECONOMICA (CODIGO, VALOR, VALOR_JDE) VALUES ('49300','Transporte por oleoducto o gasoducto', '-');
INSERT INTO FEL_SV_TBL_ACTIVIDAD_ECONOMICA (CODIGO, VALOR, VALOR_JDE) VALUES ('50110','Transporte de pasajeros marítimo y de cabotaje', '-');
INSERT INTO FEL_SV_TBL_ACTIVIDAD_ECONOMICA (CODIGO, VALOR, VALOR_JDE) VALUES ('50120','Transporte de carga marítimo y de cabotaje', '-');
INSERT INTO FEL_SV_TBL_ACTIVIDAD_ECONOMICA (CODIGO, VALOR, VALOR_JDE) VALUES ('50211','Transporte de pasajeros por vías de navegación interiores', '-');
INSERT INTO FEL_SV_TBL_ACTIVIDAD_ECONOMICA (CODIGO, VALOR, VALOR_JDE) VALUES ('50212','Alquiler de equipo de transporte de pasajeros por vías de navegación interior con conductor', '-');
INSERT INTO FEL_SV_TBL_ACTIVIDAD_ECONOMICA (CODIGO, VALOR, VALOR_JDE) VALUES ('50220','Transporte de carga por vías de navegación interiores', '-');
INSERT INTO FEL_SV_TBL_ACTIVIDAD_ECONOMICA (CODIGO, VALOR, VALOR_JDE) VALUES ('51100','Transporte aéreo de pasajeros', '-');
INSERT INTO FEL_SV_TBL_ACTIVIDAD_ECONOMICA (CODIGO, VALOR, VALOR_JDE) VALUES ('51201','Transporte de carga por vía aérea', '-');
INSERT INTO FEL_SV_TBL_ACTIVIDAD_ECONOMICA (CODIGO, VALOR, VALOR_JDE) VALUES ('51202','Alquiler de equipo de aerotransporte  con operadores para el propósito de transportar carga', '-');
INSERT INTO FEL_SV_TBL_ACTIVIDAD_ECONOMICA (CODIGO, VALOR, VALOR_JDE) VALUES ('52101','Alquiler de instalaciones de almacenamiento en zonas francas', '-');
INSERT INTO FEL_SV_TBL_ACTIVIDAD_ECONOMICA (CODIGO, VALOR, VALOR_JDE) VALUES ('52102','Alquiler de silos para conservación y almacenamiento de granos', '-');
INSERT INTO FEL_SV_TBL_ACTIVIDAD_ECONOMICA (CODIGO, VALOR, VALOR_JDE) VALUES ('52103','Alquiler de instalaciones con refrigeración para almacenamiento y conservación de alimentos y otros productos', '-');
INSERT INTO FEL_SV_TBL_ACTIVIDAD_ECONOMICA (CODIGO, VALOR, VALOR_JDE) VALUES ('52109','Alquiler de bodegas para almacenamiento y depósito n.c.p.', '-');
INSERT INTO FEL_SV_TBL_ACTIVIDAD_ECONOMICA (CODIGO, VALOR, VALOR_JDE) VALUES ('52211','Servicio de garaje y estacionamiento', '-');
INSERT INTO FEL_SV_TBL_ACTIVIDAD_ECONOMICA (CODIGO, VALOR, VALOR_JDE) VALUES ('52212','Servicios de terminales para el transporte por vía terrestre', '-');
INSERT INTO FEL_SV_TBL_ACTIVIDAD_ECONOMICA (CODIGO, VALOR, VALOR_JDE) VALUES ('52219','Servicios para el transporte por vía terrestre n.c.p.', '-');
INSERT INTO FEL_SV_TBL_ACTIVIDAD_ECONOMICA (CODIGO, VALOR, VALOR_JDE) VALUES ('52220','Servicios para el transporte acuático', '-');
INSERT INTO FEL_SV_TBL_ACTIVIDAD_ECONOMICA (CODIGO, VALOR, VALOR_JDE) VALUES ('52230','Servicios para el transporte aéreo', '-');
INSERT INTO FEL_SV_TBL_ACTIVIDAD_ECONOMICA (CODIGO, VALOR, VALOR_JDE) VALUES ('52240','Manipulación de carga', '-');
INSERT INTO FEL_SV_TBL_ACTIVIDAD_ECONOMICA (CODIGO, VALOR, VALOR_JDE) VALUES ('52290','Servicios para el transporte ncp', '-');
INSERT INTO FEL_SV_TBL_ACTIVIDAD_ECONOMICA (CODIGO, VALOR, VALOR_JDE) VALUES ('52291','Agencias de tramitaciones aduanales', '-');
INSERT INTO FEL_SV_TBL_ACTIVIDAD_ECONOMICA (CODIGO, VALOR, VALOR_JDE) VALUES ('53100','Servicios de  correo nacional', '-');
INSERT INTO FEL_SV_TBL_ACTIVIDAD_ECONOMICA (CODIGO, VALOR, VALOR_JDE) VALUES ('53200','Actividades de correo distintas a las actividades postales nacionales', '-');
INSERT INTO FEL_SV_TBL_ACTIVIDAD_ECONOMICA (CODIGO, VALOR, VALOR_JDE) VALUES ('55101','Actividades de alojamiento para estancias cortas', '-');
INSERT INTO FEL_SV_TBL_ACTIVIDAD_ECONOMICA (CODIGO, VALOR, VALOR_JDE) VALUES ('55102','Hoteles', '-');
INSERT INTO FEL_SV_TBL_ACTIVIDAD_ECONOMICA (CODIGO, VALOR, VALOR_JDE) VALUES ('55200','Actividades de campamentos, parques de vehículos de recreo y parques de caravanas', '-');
INSERT INTO FEL_SV_TBL_ACTIVIDAD_ECONOMICA (CODIGO, VALOR, VALOR_JDE) VALUES ('55900','Alojamiento n.c.p.', '-');
INSERT INTO FEL_SV_TBL_ACTIVIDAD_ECONOMICA (CODIGO, VALOR, VALOR_JDE) VALUES ('56101','Restaurantes', '-');
INSERT INTO FEL_SV_TBL_ACTIVIDAD_ECONOMICA (CODIGO, VALOR, VALOR_JDE) VALUES ('56106','Pupusería', '-');
INSERT INTO FEL_SV_TBL_ACTIVIDAD_ECONOMICA (CODIGO, VALOR, VALOR_JDE) VALUES ('56107','Actividades varias de restaurantes', '-');
INSERT INTO FEL_SV_TBL_ACTIVIDAD_ECONOMICA (CODIGO, VALOR, VALOR_JDE) VALUES ('56108','Comedores', '-');
INSERT INTO FEL_SV_TBL_ACTIVIDAD_ECONOMICA (CODIGO, VALOR, VALOR_JDE) VALUES ('56109','Merenderos ambulantes', '-');
INSERT INTO FEL_SV_TBL_ACTIVIDAD_ECONOMICA (CODIGO, VALOR, VALOR_JDE) VALUES ('56210','Preparación de comida para eventos especiales', '-');
INSERT INTO FEL_SV_TBL_ACTIVIDAD_ECONOMICA (CODIGO, VALOR, VALOR_JDE) VALUES ('56291','Servicios de provisión de comidas por contrato', '-');
INSERT INTO FEL_SV_TBL_ACTIVIDAD_ECONOMICA (CODIGO, VALOR, VALOR_JDE) VALUES ('56292','Servicios de concesión de cafetines y chalet en empresas e instituciones', '-');
INSERT INTO FEL_SV_TBL_ACTIVIDAD_ECONOMICA (CODIGO, VALOR, VALOR_JDE) VALUES ('56299','Servicios de preparación de comidas ncp', '-');
INSERT INTO FEL_SV_TBL_ACTIVIDAD_ECONOMICA (CODIGO, VALOR, VALOR_JDE) VALUES ('56301','Servicio de expendio de bebidas en salones y bares', '-');
INSERT INTO FEL_SV_TBL_ACTIVIDAD_ECONOMICA (CODIGO, VALOR, VALOR_JDE) VALUES ('56302','Servicio de expendio de bebidas en puestos callejeros, mercados y ferias', '-');
INSERT INTO FEL_SV_TBL_ACTIVIDAD_ECONOMICA (CODIGO, VALOR, VALOR_JDE) VALUES ('58110','Edición de libros, folletos, partituras y otras ediciones distintas a estas', '-');
INSERT INTO FEL_SV_TBL_ACTIVIDAD_ECONOMICA (CODIGO, VALOR, VALOR_JDE) VALUES ('58120','Edición de directorios y listas de correos', '-');
INSERT INTO FEL_SV_TBL_ACTIVIDAD_ECONOMICA (CODIGO, VALOR, VALOR_JDE) VALUES ('58130','Edición de periódicos, revistas y otras publicaciones periódicas', '-');
INSERT INTO FEL_SV_TBL_ACTIVIDAD_ECONOMICA (CODIGO, VALOR, VALOR_JDE) VALUES ('58190','Otras actividades de edición', '-');
INSERT INTO FEL_SV_TBL_ACTIVIDAD_ECONOMICA (CODIGO, VALOR, VALOR_JDE) VALUES ('58200','Edición de programas informáticos (software)', '-');
INSERT INTO FEL_SV_TBL_ACTIVIDAD_ECONOMICA (CODIGO, VALOR, VALOR_JDE) VALUES ('59110','Actividades de producción cinematográfica', '-');
INSERT INTO FEL_SV_TBL_ACTIVIDAD_ECONOMICA (CODIGO, VALOR, VALOR_JDE) VALUES ('59120','Actividades de post producción de películas, videos y programas  de televisión', '-');
INSERT INTO FEL_SV_TBL_ACTIVIDAD_ECONOMICA (CODIGO, VALOR, VALOR_JDE) VALUES ('59130','Actividades de distribución de películas cinematográficas, videos y programas de televisión', '-');
INSERT INTO FEL_SV_TBL_ACTIVIDAD_ECONOMICA (CODIGO, VALOR, VALOR_JDE) VALUES ('59140','Actividades de exhibición de películas cinematográficas y cintas de vídeo', '-');
INSERT INTO FEL_SV_TBL_ACTIVIDAD_ECONOMICA (CODIGO, VALOR, VALOR_JDE) VALUES ('59200','Actividades de edición y grabación de música', '-');
INSERT INTO FEL_SV_TBL_ACTIVIDAD_ECONOMICA (CODIGO, VALOR, VALOR_JDE) VALUES ('60100','Servicios de difusiones de radio', '-');
INSERT INTO FEL_SV_TBL_ACTIVIDAD_ECONOMICA (CODIGO, VALOR, VALOR_JDE) VALUES ('60201','Actividades de programación y difusión de televisión abierta', '-');
INSERT INTO FEL_SV_TBL_ACTIVIDAD_ECONOMICA (CODIGO, VALOR, VALOR_JDE) VALUES ('60202','Actividades de suscripción y difusión de televisión por cable y/o suscripción', '-');
INSERT INTO FEL_SV_TBL_ACTIVIDAD_ECONOMICA (CODIGO, VALOR, VALOR_JDE) VALUES ('60299','Servicios de televisión, incluye televisión por cable', '-');
INSERT INTO FEL_SV_TBL_ACTIVIDAD_ECONOMICA (CODIGO, VALOR, VALOR_JDE) VALUES ('60900','Programación y transmisión de radio y televisión', '-');
INSERT INTO FEL_SV_TBL_ACTIVIDAD_ECONOMICA (CODIGO, VALOR, VALOR_JDE) VALUES ('61101','Servicio de telefonía', '-');
INSERT INTO FEL_SV_TBL_ACTIVIDAD_ECONOMICA (CODIGO, VALOR, VALOR_JDE) VALUES ('61102','Servicio de Internet ', '-');
INSERT INTO FEL_SV_TBL_ACTIVIDAD_ECONOMICA (CODIGO, VALOR, VALOR_JDE) VALUES ('61103','Servicio de telefonía fija', '-');
INSERT INTO FEL_SV_TBL_ACTIVIDAD_ECONOMICA (CODIGO, VALOR, VALOR_JDE) VALUES ('61109','Servicio de Internet n.c.p.', '-');
INSERT INTO FEL_SV_TBL_ACTIVIDAD_ECONOMICA (CODIGO, VALOR, VALOR_JDE) VALUES ('61201','Servicios de telefonía celular', '-');
INSERT INTO FEL_SV_TBL_ACTIVIDAD_ECONOMICA (CODIGO, VALOR, VALOR_JDE) VALUES ('61202','Servicios de Internet inalámbrico', '-');
INSERT INTO FEL_SV_TBL_ACTIVIDAD_ECONOMICA (CODIGO, VALOR, VALOR_JDE) VALUES ('61209','Servicios de telecomunicaciones inalámbrico n.c.p.', '-');
INSERT INTO FEL_SV_TBL_ACTIVIDAD_ECONOMICA (CODIGO, VALOR, VALOR_JDE) VALUES ('61301','Telecomunicaciones satelitales', '-');
INSERT INTO FEL_SV_TBL_ACTIVIDAD_ECONOMICA (CODIGO, VALOR, VALOR_JDE) VALUES ('61309','Comunicación vía satélite n.c.p.', '-');
INSERT INTO FEL_SV_TBL_ACTIVIDAD_ECONOMICA (CODIGO, VALOR, VALOR_JDE) VALUES ('61900','Actividades de telecomunicación n.c.p.', '-');
INSERT INTO FEL_SV_TBL_ACTIVIDAD_ECONOMICA (CODIGO, VALOR, VALOR_JDE) VALUES ('62010','Programación Informática', '-');
INSERT INTO FEL_SV_TBL_ACTIVIDAD_ECONOMICA (CODIGO, VALOR, VALOR_JDE) VALUES ('62020','Consultorias y gestión de servicios informáticos', '-');
INSERT INTO FEL_SV_TBL_ACTIVIDAD_ECONOMICA (CODIGO, VALOR, VALOR_JDE) VALUES ('62090','Otras actividades de tecnología de información y servicios de computadora', '-');
INSERT INTO FEL_SV_TBL_ACTIVIDAD_ECONOMICA (CODIGO, VALOR, VALOR_JDE) VALUES ('63110','Procesamiento de datos y actividades relacionadas', '-');
INSERT INTO FEL_SV_TBL_ACTIVIDAD_ECONOMICA (CODIGO, VALOR, VALOR_JDE) VALUES ('63120','Portales WEB', '-');
INSERT INTO FEL_SV_TBL_ACTIVIDAD_ECONOMICA (CODIGO, VALOR, VALOR_JDE) VALUES ('63910','Servicios de Agencias de Noticias', '-');
INSERT INTO FEL_SV_TBL_ACTIVIDAD_ECONOMICA (CODIGO, VALOR, VALOR_JDE) VALUES ('63990','Otros servicios de información  n.c.p.', '-');
INSERT INTO FEL_SV_TBL_ACTIVIDAD_ECONOMICA (CODIGO, VALOR, VALOR_JDE) VALUES ('64110','Servicios provistos por el Banco Central de El salvador', '-');
INSERT INTO FEL_SV_TBL_ACTIVIDAD_ECONOMICA (CODIGO, VALOR, VALOR_JDE) VALUES ('64190','Bancos', '-');
INSERT INTO FEL_SV_TBL_ACTIVIDAD_ECONOMICA (CODIGO, VALOR, VALOR_JDE) VALUES ('64192','Entidades dedicadas al envío de remesas', '-');
INSERT INTO FEL_SV_TBL_ACTIVIDAD_ECONOMICA (CODIGO, VALOR, VALOR_JDE) VALUES ('64199','Otras entidades financieras', '-');
INSERT INTO FEL_SV_TBL_ACTIVIDAD_ECONOMICA (CODIGO, VALOR, VALOR_JDE) VALUES ('64200','Actividades de sociedades de cartera', '-');
INSERT INTO FEL_SV_TBL_ACTIVIDAD_ECONOMICA (CODIGO, VALOR, VALOR_JDE) VALUES ('64300','Fideicomisos, fondos y otras fuentes de financiamiento', '-');
INSERT INTO FEL_SV_TBL_ACTIVIDAD_ECONOMICA (CODIGO, VALOR, VALOR_JDE) VALUES ('64910','Arrendamiento financieros', '-');
INSERT INTO FEL_SV_TBL_ACTIVIDAD_ECONOMICA (CODIGO, VALOR, VALOR_JDE) VALUES ('64920','Asociaciones cooperativas de ahorro y crédito dedicadas a la intermediación financiera', '-');
INSERT INTO FEL_SV_TBL_ACTIVIDAD_ECONOMICA (CODIGO, VALOR, VALOR_JDE) VALUES ('64921','Instituciones emisoras de tarjetas de crédito y otros', '-');
INSERT INTO FEL_SV_TBL_ACTIVIDAD_ECONOMICA (CODIGO, VALOR, VALOR_JDE) VALUES ('64922','Tipos de crédito ncp', '-');
INSERT INTO FEL_SV_TBL_ACTIVIDAD_ECONOMICA (CODIGO, VALOR, VALOR_JDE) VALUES ('64928','Prestamistas y casas de empeño', '-');
INSERT INTO FEL_SV_TBL_ACTIVIDAD_ECONOMICA (CODIGO, VALOR, VALOR_JDE) VALUES ('64990','Actividades de servicios financieros, excepto la financiación de planes de seguros y de pensiones n.c.p.', '-');
INSERT INTO FEL_SV_TBL_ACTIVIDAD_ECONOMICA (CODIGO, VALOR, VALOR_JDE) VALUES ('65110','Planes de seguros de vida', '-');
INSERT INTO FEL_SV_TBL_ACTIVIDAD_ECONOMICA (CODIGO, VALOR, VALOR_JDE) VALUES ('65120','Planes de seguro excepto de vida', '-');
INSERT INTO FEL_SV_TBL_ACTIVIDAD_ECONOMICA (CODIGO, VALOR, VALOR_JDE) VALUES ('65199','Seguros generales de todo tipo', '-');
INSERT INTO FEL_SV_TBL_ACTIVIDAD_ECONOMICA (CODIGO, VALOR, VALOR_JDE) VALUES ('65200','Planes se seguro', '-');
INSERT INTO FEL_SV_TBL_ACTIVIDAD_ECONOMICA (CODIGO, VALOR, VALOR_JDE) VALUES ('65300','Planes de pensiones', '-');
INSERT INTO FEL_SV_TBL_ACTIVIDAD_ECONOMICA (CODIGO, VALOR, VALOR_JDE) VALUES ('66110','Administración de mercados financieros (Bolsa de Valores)', '-');
INSERT INTO FEL_SV_TBL_ACTIVIDAD_ECONOMICA (CODIGO, VALOR, VALOR_JDE) VALUES ('66120','Actividades bursátiles (Corredores de Bolsa)', '-');
INSERT INTO FEL_SV_TBL_ACTIVIDAD_ECONOMICA (CODIGO, VALOR, VALOR_JDE) VALUES ('66190','Actividades auxiliares de la intermediación financiera ncp', '-');
INSERT INTO FEL_SV_TBL_ACTIVIDAD_ECONOMICA (CODIGO, VALOR, VALOR_JDE) VALUES ('66210','Evaluación de riesgos y daños', '-');
INSERT INTO FEL_SV_TBL_ACTIVIDAD_ECONOMICA (CODIGO, VALOR, VALOR_JDE) VALUES ('66220','Actividades de agentes y corredores de seguros', '-');
INSERT INTO FEL_SV_TBL_ACTIVIDAD_ECONOMICA (CODIGO, VALOR, VALOR_JDE) VALUES ('66290','Otras actividades auxiliares de seguros y fondos de pensiones', '-');
INSERT INTO FEL_SV_TBL_ACTIVIDAD_ECONOMICA (CODIGO, VALOR, VALOR_JDE) VALUES ('66300','Actividades de administración de fondos', '-');
INSERT INTO FEL_SV_TBL_ACTIVIDAD_ECONOMICA (CODIGO, VALOR, VALOR_JDE) VALUES ('68101','Servicio de alquiler y venta de lotes en cementerios', '-');
INSERT INTO FEL_SV_TBL_ACTIVIDAD_ECONOMICA (CODIGO, VALOR, VALOR_JDE) VALUES ('68109','Actividades inmobiliarias realizadas con bienes propios o arrendados n.c.p.', '-');
INSERT INTO FEL_SV_TBL_ACTIVIDAD_ECONOMICA (CODIGO, VALOR, VALOR_JDE) VALUES ('68200','Actividades Inmobiliarias Realizadas a Cambio de una Retribución o por Contrata', '-');
INSERT INTO FEL_SV_TBL_ACTIVIDAD_ECONOMICA (CODIGO, VALOR, VALOR_JDE) VALUES ('69100','Actividades jurídicas', '-');
INSERT INTO FEL_SV_TBL_ACTIVIDAD_ECONOMICA (CODIGO, VALOR, VALOR_JDE) VALUES ('69200','Actividades de contabilidad, teneduría de libros y auditoría; asesoramiento en materia de impuestos', '-');
INSERT INTO FEL_SV_TBL_ACTIVIDAD_ECONOMICA (CODIGO, VALOR, VALOR_JDE) VALUES ('70100','Actividades de oficinas centrales de sociedades de cartera', '-');
INSERT INTO FEL_SV_TBL_ACTIVIDAD_ECONOMICA (CODIGO, VALOR, VALOR_JDE) VALUES ('70200','Actividades de consultoria en gestión empresarial', '-');
INSERT INTO FEL_SV_TBL_ACTIVIDAD_ECONOMICA (CODIGO, VALOR, VALOR_JDE) VALUES ('71101','Servicios de arquitectura y planificación urbana y servicios conexos', '-');
INSERT INTO FEL_SV_TBL_ACTIVIDAD_ECONOMICA (CODIGO, VALOR, VALOR_JDE) VALUES ('71102','Servicios de ingeniería', '-');
INSERT INTO FEL_SV_TBL_ACTIVIDAD_ECONOMICA (CODIGO, VALOR, VALOR_JDE) VALUES ('71103','Servicios de agrimensura, topografía, cartografía, prospección y geofísica y servicios conexos', '-');
INSERT INTO FEL_SV_TBL_ACTIVIDAD_ECONOMICA (CODIGO, VALOR, VALOR_JDE) VALUES ('71200','Ensayos y análisis técnicos', '-');
INSERT INTO FEL_SV_TBL_ACTIVIDAD_ECONOMICA (CODIGO, VALOR, VALOR_JDE) VALUES ('72100','Investigaciones y desarrollo experimental en el campo de las ciencias naturales y la ingeniería', '-');
INSERT INTO FEL_SV_TBL_ACTIVIDAD_ECONOMICA (CODIGO, VALOR, VALOR_JDE) VALUES ('72199','Investigaciones científicas', '-');
INSERT INTO FEL_SV_TBL_ACTIVIDAD_ECONOMICA (CODIGO, VALOR, VALOR_JDE) VALUES ('72200','Investigaciones y desarrollo experimental en el campo de las ciencias sociales y las humanidades científica y desarrollo', '-');
INSERT INTO FEL_SV_TBL_ACTIVIDAD_ECONOMICA (CODIGO, VALOR, VALOR_JDE) VALUES ('73100','Publicidad', '-');
INSERT INTO FEL_SV_TBL_ACTIVIDAD_ECONOMICA (CODIGO, VALOR, VALOR_JDE) VALUES ('73200','Investigación de mercados y realización de encuestas de opinión pública', '-');
INSERT INTO FEL_SV_TBL_ACTIVIDAD_ECONOMICA (CODIGO, VALOR, VALOR_JDE) VALUES ('74100','Actividades de diseño especializado', '-');
INSERT INTO FEL_SV_TBL_ACTIVIDAD_ECONOMICA (CODIGO, VALOR, VALOR_JDE) VALUES ('74200','Actividades de fotografía', '-');
INSERT INTO FEL_SV_TBL_ACTIVIDAD_ECONOMICA (CODIGO, VALOR, VALOR_JDE) VALUES ('74900','Servicios profesionales y científicos ncp', '-');
INSERT INTO FEL_SV_TBL_ACTIVIDAD_ECONOMICA (CODIGO, VALOR, VALOR_JDE) VALUES ('75000','Actividades veterinarias', '-');
INSERT INTO FEL_SV_TBL_ACTIVIDAD_ECONOMICA (CODIGO, VALOR, VALOR_JDE) VALUES ('77101','Alquiler de equipo de transporte terrestre', '-');
INSERT INTO FEL_SV_TBL_ACTIVIDAD_ECONOMICA (CODIGO, VALOR, VALOR_JDE) VALUES ('77102','Alquiler de equipo de transporte acuático', '-');
INSERT INTO FEL_SV_TBL_ACTIVIDAD_ECONOMICA (CODIGO, VALOR, VALOR_JDE) VALUES ('77103','Alquiler de equipo de transporte  por vía aérea', '-');
INSERT INTO FEL_SV_TBL_ACTIVIDAD_ECONOMICA (CODIGO, VALOR, VALOR_JDE) VALUES ('77210','Alquiler y arrendamiento de equipo de recreo y deportivo', '-');
INSERT INTO FEL_SV_TBL_ACTIVIDAD_ECONOMICA (CODIGO, VALOR, VALOR_JDE) VALUES ('77220','Alquiler de cintas de video y discos', '-');
INSERT INTO FEL_SV_TBL_ACTIVIDAD_ECONOMICA (CODIGO, VALOR, VALOR_JDE) VALUES ('77290','Alquiler de otros efectos personales y enseres domésticos', '-');
INSERT INTO FEL_SV_TBL_ACTIVIDAD_ECONOMICA (CODIGO, VALOR, VALOR_JDE) VALUES ('77300','Alquiler de maquinaria y equipo', '-');
INSERT INTO FEL_SV_TBL_ACTIVIDAD_ECONOMICA (CODIGO, VALOR, VALOR_JDE) VALUES ('77400','Arrendamiento de productos de propiedad intelectual', '-');
INSERT INTO FEL_SV_TBL_ACTIVIDAD_ECONOMICA (CODIGO, VALOR, VALOR_JDE) VALUES ('78100','Obtención y dotación de personal', '-');
INSERT INTO FEL_SV_TBL_ACTIVIDAD_ECONOMICA (CODIGO, VALOR, VALOR_JDE) VALUES ('78200','Actividades de las agencias de trabajo temporal', '-');
INSERT INTO FEL_SV_TBL_ACTIVIDAD_ECONOMICA (CODIGO, VALOR, VALOR_JDE) VALUES ('78300','Dotación de recursos humanos y gestión; gestión de las funciones de recursos humanos', '-');
INSERT INTO FEL_SV_TBL_ACTIVIDAD_ECONOMICA (CODIGO, VALOR, VALOR_JDE) VALUES ('79110','Actividades de agencias de viajes y organizadores de viajes; actividades de asistencia a turistas', '-');
INSERT INTO FEL_SV_TBL_ACTIVIDAD_ECONOMICA (CODIGO, VALOR, VALOR_JDE) VALUES ('79120','Actividades de los operadores turísticos', '-');
INSERT INTO FEL_SV_TBL_ACTIVIDAD_ECONOMICA (CODIGO, VALOR, VALOR_JDE) VALUES ('79900','Otros servicios de reservas y actividades relacionadas', '-');
INSERT INTO FEL_SV_TBL_ACTIVIDAD_ECONOMICA (CODIGO, VALOR, VALOR_JDE) VALUES ('80100','Servicios de seguridad privados', '-');
INSERT INTO FEL_SV_TBL_ACTIVIDAD_ECONOMICA (CODIGO, VALOR, VALOR_JDE) VALUES ('80201','Actividades de servicios de sistemas de seguridad', '-');
INSERT INTO FEL_SV_TBL_ACTIVIDAD_ECONOMICA (CODIGO, VALOR, VALOR_JDE) VALUES ('80202','Actividades para la prestación de sistemas de seguridad', '-');
INSERT INTO FEL_SV_TBL_ACTIVIDAD_ECONOMICA (CODIGO, VALOR, VALOR_JDE) VALUES ('80300','Actividades de investigación', '-');
INSERT INTO FEL_SV_TBL_ACTIVIDAD_ECONOMICA (CODIGO, VALOR, VALOR_JDE) VALUES ('81100','Actividades combinadas de mantenimiento de edificios e instalaciones', '-');
INSERT INTO FEL_SV_TBL_ACTIVIDAD_ECONOMICA (CODIGO, VALOR, VALOR_JDE) VALUES ('81210','Limpieza general de edificios', '-');
INSERT INTO FEL_SV_TBL_ACTIVIDAD_ECONOMICA (CODIGO, VALOR, VALOR_JDE) VALUES ('81290','Otras actividades combinadas de mantenimiento de edificios e instalaciones ncp', '-');
INSERT INTO FEL_SV_TBL_ACTIVIDAD_ECONOMICA (CODIGO, VALOR, VALOR_JDE) VALUES ('81300','Servicio de jardinería', '-');
INSERT INTO FEL_SV_TBL_ACTIVIDAD_ECONOMICA (CODIGO, VALOR, VALOR_JDE) VALUES ('82110','Servicios administrativos de oficinas', '-');
INSERT INTO FEL_SV_TBL_ACTIVIDAD_ECONOMICA (CODIGO, VALOR, VALOR_JDE) VALUES ('82190','Servicio de fotocopiado y similares, excepto en imprentas', '-');
INSERT INTO FEL_SV_TBL_ACTIVIDAD_ECONOMICA (CODIGO, VALOR, VALOR_JDE) VALUES ('82200','Actividades de las centrales de llamadas (call center)', '-');
INSERT INTO FEL_SV_TBL_ACTIVIDAD_ECONOMICA (CODIGO, VALOR, VALOR_JDE) VALUES ('82300','Organización de convenciones y ferias de negocios', '-');
INSERT INTO FEL_SV_TBL_ACTIVIDAD_ECONOMICA (CODIGO, VALOR, VALOR_JDE) VALUES ('82910','Actividades de agencias de cobro y oficinas de crédito', '-');
INSERT INTO FEL_SV_TBL_ACTIVIDAD_ECONOMICA (CODIGO, VALOR, VALOR_JDE) VALUES ('82921','Servicios de envase y empaque de productos alimenticios', '-');
INSERT INTO FEL_SV_TBL_ACTIVIDAD_ECONOMICA (CODIGO, VALOR, VALOR_JDE) VALUES ('82922','Servicios de envase y empaque de productos medicinales', '-');
INSERT INTO FEL_SV_TBL_ACTIVIDAD_ECONOMICA (CODIGO, VALOR, VALOR_JDE) VALUES ('82929','Servicio de envase y empaque ncp', '-');
INSERT INTO FEL_SV_TBL_ACTIVIDAD_ECONOMICA (CODIGO, VALOR, VALOR_JDE) VALUES ('82990','Actividades de apoyo empresariales ncp', '-');
INSERT INTO FEL_SV_TBL_ACTIVIDAD_ECONOMICA (CODIGO, VALOR, VALOR_JDE) VALUES ('84110','Actividades de la Administración Pública en general', '-');
INSERT INTO FEL_SV_TBL_ACTIVIDAD_ECONOMICA (CODIGO, VALOR, VALOR_JDE) VALUES ('84111','Alcaldías Municipales', '-');
INSERT INTO FEL_SV_TBL_ACTIVIDAD_ECONOMICA (CODIGO, VALOR, VALOR_JDE) VALUES ('84120','Regulación de las actividades de prestación de servicios sanitarios, educativos, culturales y otros servicios sociales, excepto seguridad social', '-');
INSERT INTO FEL_SV_TBL_ACTIVIDAD_ECONOMICA (CODIGO, VALOR, VALOR_JDE) VALUES ('84130','Regulación y facilitación de la actividad económica', '-');
INSERT INTO FEL_SV_TBL_ACTIVIDAD_ECONOMICA (CODIGO, VALOR, VALOR_JDE) VALUES ('84210','Actividades de administración y funcionamiento del Ministerio de Relaciones Exteriores', '-');
INSERT INTO FEL_SV_TBL_ACTIVIDAD_ECONOMICA (CODIGO, VALOR, VALOR_JDE) VALUES ('84220','Actividades de defensa', '-');
INSERT INTO FEL_SV_TBL_ACTIVIDAD_ECONOMICA (CODIGO, VALOR, VALOR_JDE) VALUES ('84230','Actividades de mantenimiento del orden público y de seguridad', '-');
INSERT INTO FEL_SV_TBL_ACTIVIDAD_ECONOMICA (CODIGO, VALOR, VALOR_JDE) VALUES ('84300','Actividades de planes de seguridad social de afiliación obligatoria', '-');
INSERT INTO FEL_SV_TBL_ACTIVIDAD_ECONOMICA (CODIGO, VALOR, VALOR_JDE) VALUES ('85101','Guardería educativa', '-');
INSERT INTO FEL_SV_TBL_ACTIVIDAD_ECONOMICA (CODIGO, VALOR, VALOR_JDE) VALUES ('85102','Enseñanza preescolar o parvularia', '-');
INSERT INTO FEL_SV_TBL_ACTIVIDAD_ECONOMICA (CODIGO, VALOR, VALOR_JDE) VALUES ('85103','Enseñanza primaria', '-');
INSERT INTO FEL_SV_TBL_ACTIVIDAD_ECONOMICA (CODIGO, VALOR, VALOR_JDE) VALUES ('85104','Servicio de educación preescolar y primaria integrada', '-');
INSERT INTO FEL_SV_TBL_ACTIVIDAD_ECONOMICA (CODIGO, VALOR, VALOR_JDE) VALUES ('85211','Enseñanza secundaria tercer ciclo (7°, 8° y 9° )', '-');
INSERT INTO FEL_SV_TBL_ACTIVIDAD_ECONOMICA (CODIGO, VALOR, VALOR_JDE) VALUES ('85212','Enseñanza secundaria  de formación general  bachillerato', '-');
INSERT INTO FEL_SV_TBL_ACTIVIDAD_ECONOMICA (CODIGO, VALOR, VALOR_JDE) VALUES ('85221','Enseñanza secundaria de formación técnica y profesional', '-');
INSERT INTO FEL_SV_TBL_ACTIVIDAD_ECONOMICA (CODIGO, VALOR, VALOR_JDE) VALUES ('85222','Enseñanza secundaria de formación técnica y profesional integrada con enseñanza primaria', '-');
INSERT INTO FEL_SV_TBL_ACTIVIDAD_ECONOMICA (CODIGO, VALOR, VALOR_JDE) VALUES ('85301','Enseñanza superior universitaria', '-');
INSERT INTO FEL_SV_TBL_ACTIVIDAD_ECONOMICA (CODIGO, VALOR, VALOR_JDE) VALUES ('85302','Enseñanza superior no universitaria', '-');
INSERT INTO FEL_SV_TBL_ACTIVIDAD_ECONOMICA (CODIGO, VALOR, VALOR_JDE) VALUES ('85303','Enseñanza superior integrada a educación secundaria y/o primaria', '-');
INSERT INTO FEL_SV_TBL_ACTIVIDAD_ECONOMICA (CODIGO, VALOR, VALOR_JDE) VALUES ('85410','Educación deportiva y recreativa', '-');
INSERT INTO FEL_SV_TBL_ACTIVIDAD_ECONOMICA (CODIGO, VALOR, VALOR_JDE) VALUES ('85420','Educación cultural', '-');
INSERT INTO FEL_SV_TBL_ACTIVIDAD_ECONOMICA (CODIGO, VALOR, VALOR_JDE) VALUES ('85490','Otros tipos de enseñanza n.c.p.', '-');
INSERT INTO FEL_SV_TBL_ACTIVIDAD_ECONOMICA (CODIGO, VALOR, VALOR_JDE) VALUES ('85499','Enseñanza formal', '-');
INSERT INTO FEL_SV_TBL_ACTIVIDAD_ECONOMICA (CODIGO, VALOR, VALOR_JDE) VALUES ('85500','Servicios de apoyo a la enseñanza', '-');
INSERT INTO FEL_SV_TBL_ACTIVIDAD_ECONOMICA (CODIGO, VALOR, VALOR_JDE) VALUES ('86100','Actividades de hospitales', '-');
INSERT INTO FEL_SV_TBL_ACTIVIDAD_ECONOMICA (CODIGO, VALOR, VALOR_JDE) VALUES ('86201','Clínicas médicas', '-');
INSERT INTO FEL_SV_TBL_ACTIVIDAD_ECONOMICA (CODIGO, VALOR, VALOR_JDE) VALUES ('86202','Servicios de Odontología', '-');
INSERT INTO FEL_SV_TBL_ACTIVIDAD_ECONOMICA (CODIGO, VALOR, VALOR_JDE) VALUES ('86203','Servicios médicos', '-');
INSERT INTO FEL_SV_TBL_ACTIVIDAD_ECONOMICA (CODIGO, VALOR, VALOR_JDE) VALUES ('86901','Servicios de análisis y estudios de diagnóstico', '-');
INSERT INTO FEL_SV_TBL_ACTIVIDAD_ECONOMICA (CODIGO, VALOR, VALOR_JDE) VALUES ('86902','Actividades de atención de la salud humana', '-');
INSERT INTO FEL_SV_TBL_ACTIVIDAD_ECONOMICA (CODIGO, VALOR, VALOR_JDE) VALUES ('86909','Otros Servicio relacionados con la salud ncp', '-');
INSERT INTO FEL_SV_TBL_ACTIVIDAD_ECONOMICA (CODIGO, VALOR, VALOR_JDE) VALUES ('87100','Residencias de ancianos con atención de enfermería', '-');
INSERT INTO FEL_SV_TBL_ACTIVIDAD_ECONOMICA (CODIGO, VALOR, VALOR_JDE) VALUES ('87200','Instituciones dedicadas al tratamiento del retraso mental, problemas de salud mental y el uso indebido de sustancias nocivas', '-');
INSERT INTO FEL_SV_TBL_ACTIVIDAD_ECONOMICA (CODIGO, VALOR, VALOR_JDE) VALUES ('87300','Instituciones dedicadas al cuidado de ancianos y discapacitados', '-');
INSERT INTO FEL_SV_TBL_ACTIVIDAD_ECONOMICA (CODIGO, VALOR, VALOR_JDE) VALUES ('87900','Actividades de asistencia a niños y jóvenes', '-');
INSERT INTO FEL_SV_TBL_ACTIVIDAD_ECONOMICA (CODIGO, VALOR, VALOR_JDE) VALUES ('87901','Otras actividades de atención en instituciones', '-');
INSERT INTO FEL_SV_TBL_ACTIVIDAD_ECONOMICA (CODIGO, VALOR, VALOR_JDE) VALUES ('88100','Actividades de asistencia sociales sin alojamiento para ancianos y discapacitados', '-');
INSERT INTO FEL_SV_TBL_ACTIVIDAD_ECONOMICA (CODIGO, VALOR, VALOR_JDE) VALUES ('88900','servicios sociales sin alojamiento ncp', '-');
INSERT INTO FEL_SV_TBL_ACTIVIDAD_ECONOMICA (CODIGO, VALOR, VALOR_JDE) VALUES ('90000','Actividades creativas artísticas y de esparcimiento', '-');
INSERT INTO FEL_SV_TBL_ACTIVIDAD_ECONOMICA (CODIGO, VALOR, VALOR_JDE) VALUES ('91010','Actividades de bibliotecas y archivos', '-');
INSERT INTO FEL_SV_TBL_ACTIVIDAD_ECONOMICA (CODIGO, VALOR, VALOR_JDE) VALUES ('91020','Actividades de museos y preservación de lugares y edificios históricos', '-');
INSERT INTO FEL_SV_TBL_ACTIVIDAD_ECONOMICA (CODIGO, VALOR, VALOR_JDE) VALUES ('91030','Actividades de jardínes botánicos, zoológicos y de reservas naturales', '-');
INSERT INTO FEL_SV_TBL_ACTIVIDAD_ECONOMICA (CODIGO, VALOR, VALOR_JDE) VALUES ('92000','Actividades de juegos y apuestas', '-');
INSERT INTO FEL_SV_TBL_ACTIVIDAD_ECONOMICA (CODIGO, VALOR, VALOR_JDE) VALUES ('93110','Gestión de instalaciones deportivas', '-');
INSERT INTO FEL_SV_TBL_ACTIVIDAD_ECONOMICA (CODIGO, VALOR, VALOR_JDE) VALUES ('93120','Actividades de clubes deportivos', '-');
INSERT INTO FEL_SV_TBL_ACTIVIDAD_ECONOMICA (CODIGO, VALOR, VALOR_JDE) VALUES ('93190','Otras actividades deportivas', '-');
INSERT INTO FEL_SV_TBL_ACTIVIDAD_ECONOMICA (CODIGO, VALOR, VALOR_JDE) VALUES ('93210','Actividades de parques de atracciones y parques temáticos', '-');
INSERT INTO FEL_SV_TBL_ACTIVIDAD_ECONOMICA (CODIGO, VALOR, VALOR_JDE) VALUES ('93291','Discotecas y salas de baile', '-');
INSERT INTO FEL_SV_TBL_ACTIVIDAD_ECONOMICA (CODIGO, VALOR, VALOR_JDE) VALUES ('93298','Centros vacacionales', '-');
INSERT INTO FEL_SV_TBL_ACTIVIDAD_ECONOMICA (CODIGO, VALOR, VALOR_JDE) VALUES ('93299','Actividades de esparcimiento ncp', '-');
INSERT INTO FEL_SV_TBL_ACTIVIDAD_ECONOMICA (CODIGO, VALOR, VALOR_JDE) VALUES ('94110','Actividades de organizaciones empresariales y de empleadores', '-');
INSERT INTO FEL_SV_TBL_ACTIVIDAD_ECONOMICA (CODIGO, VALOR, VALOR_JDE) VALUES ('94120','Actividades de organizaciones profesionales', '-');
INSERT INTO FEL_SV_TBL_ACTIVIDAD_ECONOMICA (CODIGO, VALOR, VALOR_JDE) VALUES ('94200','Actividades de sindicatos', '-');
INSERT INTO FEL_SV_TBL_ACTIVIDAD_ECONOMICA (CODIGO, VALOR, VALOR_JDE) VALUES ('94910','Actividades de organizaciones religiosas', '-');
INSERT INTO FEL_SV_TBL_ACTIVIDAD_ECONOMICA (CODIGO, VALOR, VALOR_JDE) VALUES ('94920','Actividades de organizaciones políticas', '-');
INSERT INTO FEL_SV_TBL_ACTIVIDAD_ECONOMICA (CODIGO, VALOR, VALOR_JDE) VALUES ('94990','Actividades de asociaciones n.c.p.', '-');
INSERT INTO FEL_SV_TBL_ACTIVIDAD_ECONOMICA (CODIGO, VALOR, VALOR_JDE) VALUES ('95110','Reparación de computadoras y equipo periférico', '-');
INSERT INTO FEL_SV_TBL_ACTIVIDAD_ECONOMICA (CODIGO, VALOR, VALOR_JDE) VALUES ('95120','Reparación de equipo de comunicación', '-');
INSERT INTO FEL_SV_TBL_ACTIVIDAD_ECONOMICA (CODIGO, VALOR, VALOR_JDE) VALUES ('95210','Reparación de aparatos electrónicos de consumo', '-');
INSERT INTO FEL_SV_TBL_ACTIVIDAD_ECONOMICA (CODIGO, VALOR, VALOR_JDE) VALUES ('95220','Reparación de aparatos doméstico y equipo de hogar y jardín', '-');
INSERT INTO FEL_SV_TBL_ACTIVIDAD_ECONOMICA (CODIGO, VALOR, VALOR_JDE) VALUES ('95230','Reparación de calzado y artículos de cuero', '-');
INSERT INTO FEL_SV_TBL_ACTIVIDAD_ECONOMICA (CODIGO, VALOR, VALOR_JDE) VALUES ('95240','Reparación de muebles y accesorios para el hogar', '-');
INSERT INTO FEL_SV_TBL_ACTIVIDAD_ECONOMICA (CODIGO, VALOR, VALOR_JDE) VALUES ('95291','Reparación de Instrumentos musicales', '-');
INSERT INTO FEL_SV_TBL_ACTIVIDAD_ECONOMICA (CODIGO, VALOR, VALOR_JDE) VALUES ('95292','Servicios de cerrajería y copiado de llaves', '-');
INSERT INTO FEL_SV_TBL_ACTIVIDAD_ECONOMICA (CODIGO, VALOR, VALOR_JDE) VALUES ('95293','Reparación de joyas y relojes', '-');
INSERT INTO FEL_SV_TBL_ACTIVIDAD_ECONOMICA (CODIGO, VALOR, VALOR_JDE) VALUES ('95294','Reparación de bicicletas, sillas de ruedas y rodados n.c.p.', '-');
INSERT INTO FEL_SV_TBL_ACTIVIDAD_ECONOMICA (CODIGO, VALOR, VALOR_JDE) VALUES ('95299','Reparaciones de enseres personales n.c.p.', '-');
INSERT INTO FEL_SV_TBL_ACTIVIDAD_ECONOMICA (CODIGO, VALOR, VALOR_JDE) VALUES ('96010','Lavado y limpieza de prendas de tela y de piel, incluso la limpieza en seco', '-');
INSERT INTO FEL_SV_TBL_ACTIVIDAD_ECONOMICA (CODIGO, VALOR, VALOR_JDE) VALUES ('96020','Peluquería y otros tratamientos de belleza', '-');
INSERT INTO FEL_SV_TBL_ACTIVIDAD_ECONOMICA (CODIGO, VALOR, VALOR_JDE) VALUES ('96030','Pompas fúnebres y actividades conexas', '-');
INSERT INTO FEL_SV_TBL_ACTIVIDAD_ECONOMICA (CODIGO, VALOR, VALOR_JDE) VALUES ('96091','Servicios de sauna y otros servicios para la estética corporal n.c.p.', '-');
INSERT INTO FEL_SV_TBL_ACTIVIDAD_ECONOMICA (CODIGO, VALOR, VALOR_JDE) VALUES ('96092','Servicios n.c.p.', '-');
INSERT INTO FEL_SV_TBL_ACTIVIDAD_ECONOMICA (CODIGO, VALOR, VALOR_JDE) VALUES ('97000','Actividad de los hogares en calidad de empleadores de personal doméstico', '-');
INSERT INTO FEL_SV_TBL_ACTIVIDAD_ECONOMICA (CODIGO, VALOR, VALOR_JDE) VALUES ('98100','Actividades indiferenciadas de producción de bienes de los hogares privados para uso propio', '-');
INSERT INTO FEL_SV_TBL_ACTIVIDAD_ECONOMICA (CODIGO, VALOR, VALOR_JDE) VALUES ('98200','Actividades indiferenciadas de producción de servicios de los hogares privados para uso propio', '-');
INSERT INTO FEL_SV_TBL_ACTIVIDAD_ECONOMICA (CODIGO, VALOR, VALOR_JDE) VALUES ('99000','Actividades de organizaciones y órganos extraterritoriales', '-');
INSERT INTO FEL_SV_TBL_ACTIVIDAD_ECONOMICA (CODIGO, VALOR, VALOR_JDE) VALUES ('10001','Empleados', '-');
INSERT INTO FEL_SV_TBL_ACTIVIDAD_ECONOMICA (CODIGO, VALOR, VALOR_JDE) VALUES ('10002','Jubilado', '-');
INSERT INTO FEL_SV_TBL_ACTIVIDAD_ECONOMICA (CODIGO, VALOR, VALOR_JDE) VALUES ('10003','Estudiante', '-');
INSERT INTO FEL_SV_TBL_ACTIVIDAD_ECONOMICA (CODIGO, VALOR, VALOR_JDE) VALUES ('10004','Desempleado', '-');
INSERT INTO FEL_SV_TBL_ACTIVIDAD_ECONOMICA (CODIGO, VALOR, VALOR_JDE) VALUES ('10005','Otros', '-');

INSERT INTO FEL_SV_TBL_PAIS (CODIGO, VALOR, VALOR_JDE) VALUES ('9320','ANGUILA', '-');
INSERT INTO FEL_SV_TBL_PAIS (CODIGO, VALOR, VALOR_JDE) VALUES ('9539','ISLAS TURCAS Y CAICOS', '-');
INSERT INTO FEL_SV_TBL_PAIS (CODIGO, VALOR, VALOR_JDE) VALUES ('9565','LITUANIA', '-');
INSERT INTO FEL_SV_TBL_PAIS (CODIGO, VALOR, VALOR_JDE) VALUES ('9905','DAKOTA DEL SUR (USA)', '-');
INSERT INTO FEL_SV_TBL_PAIS (CODIGO, VALOR, VALOR_JDE) VALUES ('9999','No definido en migracion', '-');
INSERT INTO FEL_SV_TBL_PAIS (CODIGO, VALOR, VALOR_JDE) VALUES ('9303','AFGANISTAN', '-');
INSERT INTO FEL_SV_TBL_PAIS (CODIGO, VALOR, VALOR_JDE) VALUES ('9306','ALBANIA', '-');
INSERT INTO FEL_SV_TBL_PAIS (CODIGO, VALOR, VALOR_JDE) VALUES ('9309','ALEMANIA OCCID', '-');
INSERT INTO FEL_SV_TBL_PAIS (CODIGO, VALOR, VALOR_JDE) VALUES ('9310','ALEMANIA ORIENT', '-');
INSERT INTO FEL_SV_TBL_PAIS (CODIGO, VALOR, VALOR_JDE) VALUES ('9315','ALTO VOLTA', '-');
INSERT INTO FEL_SV_TBL_PAIS (CODIGO, VALOR, VALOR_JDE) VALUES ('9317','ANDORRA', '-');
INSERT INTO FEL_SV_TBL_PAIS (CODIGO, VALOR, VALOR_JDE) VALUES ('9318','ANGOLA', '-');
INSERT INTO FEL_SV_TBL_PAIS (CODIGO, VALOR, VALOR_JDE) VALUES ('9319','ANTIG Y BARBUDA', '-');
INSERT INTO FEL_SV_TBL_PAIS (CODIGO, VALOR, VALOR_JDE) VALUES ('9324','ARABIA SAUDITA', '-');
INSERT INTO FEL_SV_TBL_PAIS (CODIGO, VALOR, VALOR_JDE) VALUES ('9327','ARGELIA', '-');
INSERT INTO FEL_SV_TBL_PAIS (CODIGO, VALOR, VALOR_JDE) VALUES ('9330','ARGENTINA', 'AR');
INSERT INTO FEL_SV_TBL_PAIS (CODIGO, VALOR, VALOR_JDE) VALUES ('9333','AUSTRALIA', '-');
INSERT INTO FEL_SV_TBL_PAIS (CODIGO, VALOR, VALOR_JDE) VALUES ('9336','AUSTRIA', '-');
INSERT INTO FEL_SV_TBL_PAIS (CODIGO, VALOR, VALOR_JDE) VALUES ('9339','BANGLADESH', '-');
INSERT INTO FEL_SV_TBL_PAIS (CODIGO, VALOR, VALOR_JDE) VALUES ('9342','BAHREIN', '-');
INSERT INTO FEL_SV_TBL_PAIS (CODIGO, VALOR, VALOR_JDE) VALUES ('9345','BARBADOS', '-');
INSERT INTO FEL_SV_TBL_PAIS (CODIGO, VALOR, VALOR_JDE) VALUES ('9348','BELGICA', '-');
INSERT INTO FEL_SV_TBL_PAIS (CODIGO, VALOR, VALOR_JDE) VALUES ('9349','BELICE', 'BZ');
INSERT INTO FEL_SV_TBL_PAIS (CODIGO, VALOR, VALOR_JDE) VALUES ('9350','BENIN', '-');
INSERT INTO FEL_SV_TBL_PAIS (CODIGO, VALOR, VALOR_JDE) VALUES ('9354','BIRMANIA', '-');
INSERT INTO FEL_SV_TBL_PAIS (CODIGO, VALOR, VALOR_JDE) VALUES ('9357','BOLIVIA', '-');
INSERT INTO FEL_SV_TBL_PAIS (CODIGO, VALOR, VALOR_JDE) VALUES ('9360','BOTSWANA', '-');
INSERT INTO FEL_SV_TBL_PAIS (CODIGO, VALOR, VALOR_JDE) VALUES ('9363','BRASIL', 'BZ');
INSERT INTO FEL_SV_TBL_PAIS (CODIGO, VALOR, VALOR_JDE) VALUES ('9366','BRUNEI', '-');
INSERT INTO FEL_SV_TBL_PAIS (CODIGO, VALOR, VALOR_JDE) VALUES ('9372','BURUNDI', '-');
INSERT INTO FEL_SV_TBL_PAIS (CODIGO, VALOR, VALOR_JDE) VALUES ('9374','BOPHUTHATSWANA', '-');
INSERT INTO FEL_SV_TBL_PAIS (CODIGO, VALOR, VALOR_JDE) VALUES ('9375','BUTAN', '-');
INSERT INTO FEL_SV_TBL_PAIS (CODIGO, VALOR, VALOR_JDE) VALUES ('9377','CABO VERDE', '-');
INSERT INTO FEL_SV_TBL_PAIS (CODIGO, VALOR, VALOR_JDE) VALUES ('9378','CAMBOYA', '-');
INSERT INTO FEL_SV_TBL_PAIS (CODIGO, VALOR, VALOR_JDE) VALUES ('9381','CAMERUN', '-');
INSERT INTO FEL_SV_TBL_PAIS (CODIGO, VALOR, VALOR_JDE) VALUES ('9384','CANADA', '-');
INSERT INTO FEL_SV_TBL_PAIS (CODIGO, VALOR, VALOR_JDE) VALUES ('9387','CEILAN', '-');
INSERT INTO FEL_SV_TBL_PAIS (CODIGO, VALOR, VALOR_JDE) VALUES ('9390','CTRO AFRIC REP', '-');
INSERT INTO FEL_SV_TBL_PAIS (CODIGO, VALOR, VALOR_JDE) VALUES ('9393','COLOMBIA', '-');
INSERT INTO FEL_SV_TBL_PAIS (CODIGO, VALOR, VALOR_JDE) VALUES ('9394','COMORAS-ISLAS', '-');
INSERT INTO FEL_SV_TBL_PAIS (CODIGO, VALOR, VALOR_JDE) VALUES ('9396','CONGO REP DEL', '-');
INSERT INTO FEL_SV_TBL_PAIS (CODIGO, VALOR, VALOR_JDE) VALUES ('9399','CONGO REP DEMOC', '-');
INSERT INTO FEL_SV_TBL_PAIS (CODIGO, VALOR, VALOR_JDE) VALUES ('9402','COREA NORTE', '-');
INSERT INTO FEL_SV_TBL_PAIS (CODIGO, VALOR, VALOR_JDE) VALUES ('9405','COREA SUR', '-');
INSERT INTO FEL_SV_TBL_PAIS (CODIGO, VALOR, VALOR_JDE) VALUES ('9408','COSTA DE MARFIL', '-');
INSERT INTO FEL_SV_TBL_PAIS (CODIGO, VALOR, VALOR_JDE) VALUES ('9411','COSTA RICA', 'CR');
INSERT INTO FEL_SV_TBL_PAIS (CODIGO, VALOR, VALOR_JDE) VALUES ('9414','CUBA', '-');
INSERT INTO FEL_SV_TBL_PAIS (CODIGO, VALOR, VALOR_JDE) VALUES ('9417','CHAD', '-');
INSERT INTO FEL_SV_TBL_PAIS (CODIGO, VALOR, VALOR_JDE) VALUES ('9420','CHECOSLOVAQUIA', '-');
INSERT INTO FEL_SV_TBL_PAIS (CODIGO, VALOR, VALOR_JDE) VALUES ('9423','CHILE', '-');
INSERT INTO FEL_SV_TBL_PAIS (CODIGO, VALOR, VALOR_JDE) VALUES ('9426','CHINA REP POPUL', '-');
INSERT INTO FEL_SV_TBL_PAIS (CODIGO, VALOR, VALOR_JDE) VALUES ('9432','CHIPRE', '-');
INSERT INTO FEL_SV_TBL_PAIS (CODIGO, VALOR, VALOR_JDE) VALUES ('9435','DAHOMEY', '-');
INSERT INTO FEL_SV_TBL_PAIS (CODIGO, VALOR, VALOR_JDE) VALUES ('9438','DINAMARCA', '-');
INSERT INTO FEL_SV_TBL_PAIS (CODIGO, VALOR, VALOR_JDE) VALUES ('9440','DOMINICA', '-');
INSERT INTO FEL_SV_TBL_PAIS (CODIGO, VALOR, VALOR_JDE) VALUES ('9441','DOMINICANA REP', '-');
INSERT INTO FEL_SV_TBL_PAIS (CODIGO, VALOR, VALOR_JDE) VALUES ('9444','ECUADOR', '-');
INSERT INTO FEL_SV_TBL_PAIS (CODIGO, VALOR, VALOR_JDE) VALUES ('9446','EMIRAT ARAB UNI', '-');
INSERT INTO FEL_SV_TBL_PAIS (CODIGO, VALOR, VALOR_JDE) VALUES ('9447','ESPAÑA', '-');
INSERT INTO FEL_SV_TBL_PAIS (CODIGO, VALOR, VALOR_JDE) VALUES ('9450','EE UU', '-');
INSERT INTO FEL_SV_TBL_PAIS (CODIGO, VALOR, VALOR_JDE) VALUES ('9453','ETIOPIA', '-');
INSERT INTO FEL_SV_TBL_PAIS (CODIGO, VALOR, VALOR_JDE) VALUES ('9456','FIJI-ISLAS', '-');
INSERT INTO FEL_SV_TBL_PAIS (CODIGO, VALOR, VALOR_JDE) VALUES ('9459','FILIPINAS', '-');
INSERT INTO FEL_SV_TBL_PAIS (CODIGO, VALOR, VALOR_JDE) VALUES ('9462','FINLANDIA', '-');
INSERT INTO FEL_SV_TBL_PAIS (CODIGO, VALOR, VALOR_JDE) VALUES ('9465','FRANCIA', '-');
INSERT INTO FEL_SV_TBL_PAIS (CODIGO, VALOR, VALOR_JDE) VALUES ('9468','GABON', '-');
INSERT INTO FEL_SV_TBL_PAIS (CODIGO, VALOR, VALOR_JDE) VALUES ('9471','GAMBIA', '-');
INSERT INTO FEL_SV_TBL_PAIS (CODIGO, VALOR, VALOR_JDE) VALUES ('9474','GHANA', '-');
INSERT INTO FEL_SV_TBL_PAIS (CODIGO, VALOR, VALOR_JDE) VALUES ('9477','GIBRALTAR', '-');
INSERT INTO FEL_SV_TBL_PAIS (CODIGO, VALOR, VALOR_JDE) VALUES ('9480','GRECIA', '-');
INSERT INTO FEL_SV_TBL_PAIS (CODIGO, VALOR, VALOR_JDE) VALUES ('9481','GRENADA', '-');
INSERT INTO FEL_SV_TBL_PAIS (CODIGO, VALOR, VALOR_JDE) VALUES ('9483','GUATEMALA', 'GT');
INSERT INTO FEL_SV_TBL_PAIS (CODIGO, VALOR, VALOR_JDE) VALUES ('9486','GUINEA', '-');
INSERT INTO FEL_SV_TBL_PAIS (CODIGO, VALOR, VALOR_JDE) VALUES ('9487','GUYANA', '-');
INSERT INTO FEL_SV_TBL_PAIS (CODIGO, VALOR, VALOR_JDE) VALUES ('9495','HAITI', '-');
INSERT INTO FEL_SV_TBL_PAIS (CODIGO, VALOR, VALOR_JDE) VALUES ('9498','HOLANDA', '-');
INSERT INTO FEL_SV_TBL_PAIS (CODIGO, VALOR, VALOR_JDE) VALUES ('9501','HONDURAS', 'HN');
INSERT INTO FEL_SV_TBL_PAIS (CODIGO, VALOR, VALOR_JDE) VALUES ('9504','HONG KONG', '-');
INSERT INTO FEL_SV_TBL_PAIS (CODIGO, VALOR, VALOR_JDE) VALUES ('9507','HUNGRIA', '-');
INSERT INTO FEL_SV_TBL_PAIS (CODIGO, VALOR, VALOR_JDE) VALUES ('9513','INDONESIA', '-');
INSERT INTO FEL_SV_TBL_PAIS (CODIGO, VALOR, VALOR_JDE) VALUES ('9516','IRAK', '-');
INSERT INTO FEL_SV_TBL_PAIS (CODIGO, VALOR, VALOR_JDE) VALUES ('9519','IRAN', '-');
INSERT INTO FEL_SV_TBL_PAIS (CODIGO, VALOR, VALOR_JDE) VALUES ('9522','IRLANDA', '-');
INSERT INTO FEL_SV_TBL_PAIS (CODIGO, VALOR, VALOR_JDE) VALUES ('9525','ISLANDIA', '-');
INSERT INTO FEL_SV_TBL_PAIS (CODIGO, VALOR, VALOR_JDE) VALUES ('9526','ISLAS SALOMON', '-');
INSERT INTO FEL_SV_TBL_PAIS (CODIGO, VALOR, VALOR_JDE) VALUES ('9528','ISRAEL', '-');
INSERT INTO FEL_SV_TBL_PAIS (CODIGO, VALOR, VALOR_JDE) VALUES ('9531','ITALIA', '-');
INSERT INTO FEL_SV_TBL_PAIS (CODIGO, VALOR, VALOR_JDE) VALUES ('9534','JAMAICA', '-');
INSERT INTO FEL_SV_TBL_PAIS (CODIGO, VALOR, VALOR_JDE) VALUES ('9537','JAPON', '-');
INSERT INTO FEL_SV_TBL_PAIS (CODIGO, VALOR, VALOR_JDE) VALUES ('9540','JORDANIA', '-');
INSERT INTO FEL_SV_TBL_PAIS (CODIGO, VALOR, VALOR_JDE) VALUES ('9543','KENIA', '-');
INSERT INTO FEL_SV_TBL_PAIS (CODIGO, VALOR, VALOR_JDE) VALUES ('9544','KIRIBATI', '-');
INSERT INTO FEL_SV_TBL_PAIS (CODIGO, VALOR, VALOR_JDE) VALUES ('9546','KUWAIT', '-');
INSERT INTO FEL_SV_TBL_PAIS (CODIGO, VALOR, VALOR_JDE) VALUES ('9549','LAOS', '-');
INSERT INTO FEL_SV_TBL_PAIS (CODIGO, VALOR, VALOR_JDE) VALUES ('9552','LESOTHO', '-');
INSERT INTO FEL_SV_TBL_PAIS (CODIGO, VALOR, VALOR_JDE) VALUES ('9555','LIBANO', '-');
INSERT INTO FEL_SV_TBL_PAIS (CODIGO, VALOR, VALOR_JDE) VALUES ('9558','LIBERIA', '-');
INSERT INTO FEL_SV_TBL_PAIS (CODIGO, VALOR, VALOR_JDE) VALUES ('9561','LIBIA', '-');
INSERT INTO FEL_SV_TBL_PAIS (CODIGO, VALOR, VALOR_JDE) VALUES ('9564','LIECHTENSTEIN', '-');
INSERT INTO FEL_SV_TBL_PAIS (CODIGO, VALOR, VALOR_JDE) VALUES ('9567','LUXEMBURGO', '-');
INSERT INTO FEL_SV_TBL_PAIS (CODIGO, VALOR, VALOR_JDE) VALUES ('9570','MADAGASCAR', '-');
INSERT INTO FEL_SV_TBL_PAIS (CODIGO, VALOR, VALOR_JDE) VALUES ('9573','MALASIA', '-');
INSERT INTO FEL_SV_TBL_PAIS (CODIGO, VALOR, VALOR_JDE) VALUES ('9576','MALAWI', '-');
INSERT INTO FEL_SV_TBL_PAIS (CODIGO, VALOR, VALOR_JDE) VALUES ('9577','MALDIVAS', '-');
INSERT INTO FEL_SV_TBL_PAIS (CODIGO, VALOR, VALOR_JDE) VALUES ('9582','MALTA', '-');
INSERT INTO FEL_SV_TBL_PAIS (CODIGO, VALOR, VALOR_JDE) VALUES ('9585','MARRUECOS', '-');
INSERT INTO FEL_SV_TBL_PAIS (CODIGO, VALOR, VALOR_JDE) VALUES ('9591','MASCATE Y OMAN', '-');
INSERT INTO FEL_SV_TBL_PAIS (CODIGO, VALOR, VALOR_JDE) VALUES ('9594','MAURICIO', '-');
INSERT INTO FEL_SV_TBL_PAIS (CODIGO, VALOR, VALOR_JDE) VALUES ('9597','MAURITANIA', '-');
INSERT INTO FEL_SV_TBL_PAIS (CODIGO, VALOR, VALOR_JDE) VALUES ('9600','MEXICO', 'MX');
INSERT INTO FEL_SV_TBL_PAIS (CODIGO, VALOR, VALOR_JDE) VALUES ('9601','MICRONESIA', '-');
INSERT INTO FEL_SV_TBL_PAIS (CODIGO, VALOR, VALOR_JDE) VALUES ('9603','MONACO', '-');
INSERT INTO FEL_SV_TBL_PAIS (CODIGO, VALOR, VALOR_JDE) VALUES ('9606','MONGOLIA', '-');
INSERT INTO FEL_SV_TBL_PAIS (CODIGO, VALOR, VALOR_JDE) VALUES ('9609','MOZAMBIQUE', '-');
INSERT INTO FEL_SV_TBL_PAIS (CODIGO, VALOR, VALOR_JDE) VALUES ('9611','NAURU', '-');
INSERT INTO FEL_SV_TBL_PAIS (CODIGO, VALOR, VALOR_JDE) VALUES ('9612','NEPAL', '-');
INSERT INTO FEL_SV_TBL_PAIS (CODIGO, VALOR, VALOR_JDE) VALUES ('9615','NICARAGUA', 'NI');
INSERT INTO FEL_SV_TBL_PAIS (CODIGO, VALOR, VALOR_JDE) VALUES ('9618','NIGER', '-');
INSERT INTO FEL_SV_TBL_PAIS (CODIGO, VALOR, VALOR_JDE) VALUES ('9621','NIGERIA', '-');
INSERT INTO FEL_SV_TBL_PAIS (CODIGO, VALOR, VALOR_JDE) VALUES ('9624','NORUEGA', '-');
INSERT INTO FEL_SV_TBL_PAIS (CODIGO, VALOR, VALOR_JDE) VALUES ('9627','NVA CALEDONIA', '-');
INSERT INTO FEL_SV_TBL_PAIS (CODIGO, VALOR, VALOR_JDE) VALUES ('9633','NVA ZELANDIA', '-');
INSERT INTO FEL_SV_TBL_PAIS (CODIGO, VALOR, VALOR_JDE) VALUES ('9636','NUEVAS HEBRIDAS', '-');
INSERT INTO FEL_SV_TBL_PAIS (CODIGO, VALOR, VALOR_JDE) VALUES ('9638','PAPUA NV GUINEA', '-');
INSERT INTO FEL_SV_TBL_PAIS (CODIGO, VALOR, VALOR_JDE) VALUES ('9639','PAKISTAN', '-');
INSERT INTO FEL_SV_TBL_PAIS (CODIGO, VALOR, VALOR_JDE) VALUES ('9642','PANAMA', 'PN');
INSERT INTO FEL_SV_TBL_PAIS (CODIGO, VALOR, VALOR_JDE) VALUES ('9645','PARAGUAY', '-');
INSERT INTO FEL_SV_TBL_PAIS (CODIGO, VALOR, VALOR_JDE) VALUES ('9648','PERU', '-');
INSERT INTO FEL_SV_TBL_PAIS (CODIGO, VALOR, VALOR_JDE) VALUES ('9651','POLONIA', '-');
INSERT INTO FEL_SV_TBL_PAIS (CODIGO, VALOR, VALOR_JDE) VALUES ('9660','QATAR EL', '-');
INSERT INTO FEL_SV_TBL_PAIS (CODIGO, VALOR, VALOR_JDE) VALUES ('9663','REINO UNIDO', '-');
INSERT INTO FEL_SV_TBL_PAIS (CODIGO, VALOR, VALOR_JDE) VALUES ('9666','EGIPTO', '-');
INSERT INTO FEL_SV_TBL_PAIS (CODIGO, VALOR, VALOR_JDE) VALUES ('9669','RODESIA', '-');
INSERT INTO FEL_SV_TBL_PAIS (CODIGO, VALOR, VALOR_JDE) VALUES ('9672','RUANDA', '-');
INSERT INTO FEL_SV_TBL_PAIS (CODIGO, VALOR, VALOR_JDE) VALUES ('9675','RUMANIA', '-');
INSERT INTO FEL_SV_TBL_PAIS (CODIGO, VALOR, VALOR_JDE) VALUES ('9677','SAN MARINO', '-');
INSERT INTO FEL_SV_TBL_PAIS (CODIGO, VALOR, VALOR_JDE) VALUES ('9678','SAMOA OCCID', '-');
INSERT INTO FEL_SV_TBL_PAIS (CODIGO, VALOR, VALOR_JDE) VALUES ('9679','SAINT KITTS AND NEVIS', '-');
INSERT INTO FEL_SV_TBL_PAIS (CODIGO, VALOR, VALOR_JDE) VALUES ('9680','SANTA LUCIA', '-');
INSERT INTO FEL_SV_TBL_PAIS (CODIGO, VALOR, VALOR_JDE) VALUES ('9681','SENEGAL', '-');
INSERT INTO FEL_SV_TBL_PAIS (CODIGO, VALOR, VALOR_JDE) VALUES ('9682','SAOTOME Y PRINC', '-');
INSERT INTO FEL_SV_TBL_PAIS (CODIGO, VALOR, VALOR_JDE) VALUES ('9683','SN VIC Y GRENAD', '-');
INSERT INTO FEL_SV_TBL_PAIS (CODIGO, VALOR, VALOR_JDE) VALUES ('9684','SIERRA LEONA', '-');
INSERT INTO FEL_SV_TBL_PAIS (CODIGO, VALOR, VALOR_JDE) VALUES ('9687','SINGAPUR', '-');
INSERT INTO FEL_SV_TBL_PAIS (CODIGO, VALOR, VALOR_JDE) VALUES ('9690','SIRIA', '-');
INSERT INTO FEL_SV_TBL_PAIS (CODIGO, VALOR, VALOR_JDE) VALUES ('9691','SEYCHELLES', '-');
INSERT INTO FEL_SV_TBL_PAIS (CODIGO, VALOR, VALOR_JDE) VALUES ('9693','SOMALIA', '-');
INSERT INTO FEL_SV_TBL_PAIS (CODIGO, VALOR, VALOR_JDE) VALUES ('9696','SUDAFRICA REP', '-');
INSERT INTO FEL_SV_TBL_PAIS (CODIGO, VALOR, VALOR_JDE) VALUES ('9699','SUDAN', '-');
INSERT INTO FEL_SV_TBL_PAIS (CODIGO, VALOR, VALOR_JDE) VALUES ('9702','SUECIA', '-');
INSERT INTO FEL_SV_TBL_PAIS (CODIGO, VALOR, VALOR_JDE) VALUES ('9705','SUIZA', '-');
INSERT INTO FEL_SV_TBL_PAIS (CODIGO, VALOR, VALOR_JDE) VALUES ('9706','SURINAM', '-');
INSERT INTO FEL_SV_TBL_PAIS (CODIGO, VALOR, VALOR_JDE) VALUES ('9707','SRI LANKA', '-');
INSERT INTO FEL_SV_TBL_PAIS (CODIGO, VALOR, VALOR_JDE) VALUES ('9708','SUECILANDIA', '-');
INSERT INTO FEL_SV_TBL_PAIS (CODIGO, VALOR, VALOR_JDE) VALUES ('9714','TANZANIA', '-');
INSERT INTO FEL_SV_TBL_PAIS (CODIGO, VALOR, VALOR_JDE) VALUES ('9717','TOGO', '-');
INSERT INTO FEL_SV_TBL_PAIS (CODIGO, VALOR, VALOR_JDE) VALUES ('9720','TRINIDAD TOBAGO', '-');
INSERT INTO FEL_SV_TBL_PAIS (CODIGO, VALOR, VALOR_JDE) VALUES ('9722','TONGA', '-');
INSERT INTO FEL_SV_TBL_PAIS (CODIGO, VALOR, VALOR_JDE) VALUES ('9723','TUNEZ', '-');
INSERT INTO FEL_SV_TBL_PAIS (CODIGO, VALOR, VALOR_JDE) VALUES ('9725','TRANSKEI', '-');
INSERT INTO FEL_SV_TBL_PAIS (CODIGO, VALOR, VALOR_JDE) VALUES ('9726','TURQUIA', '-');
INSERT INTO FEL_SV_TBL_PAIS (CODIGO, VALOR, VALOR_JDE) VALUES ('9727','TUVALU', '-');
INSERT INTO FEL_SV_TBL_PAIS (CODIGO, VALOR, VALOR_JDE) VALUES ('9729','UGANDA', '-');
INSERT INTO FEL_SV_TBL_PAIS (CODIGO, VALOR, VALOR_JDE) VALUES ('9732','U R S S', '-');
INSERT INTO FEL_SV_TBL_PAIS (CODIGO, VALOR, VALOR_JDE) VALUES ('9735','URUGUAY', '-');
INSERT INTO FEL_SV_TBL_PAIS (CODIGO, VALOR, VALOR_JDE) VALUES ('9738','VATICANO', '-');
INSERT INTO FEL_SV_TBL_PAIS (CODIGO, VALOR, VALOR_JDE) VALUES ('9739','VANUATU', '-');
INSERT INTO FEL_SV_TBL_PAIS (CODIGO, VALOR, VALOR_JDE) VALUES ('9740','VENDA', '-');
INSERT INTO FEL_SV_TBL_PAIS (CODIGO, VALOR, VALOR_JDE) VALUES ('9741','VENEZUELA', '-');
INSERT INTO FEL_SV_TBL_PAIS (CODIGO, VALOR, VALOR_JDE) VALUES ('9744','VIETNAM NORTE', '-');
INSERT INTO FEL_SV_TBL_PAIS (CODIGO, VALOR, VALOR_JDE) VALUES ('9747','VIETNAM SUR', '-');
INSERT INTO FEL_SV_TBL_PAIS (CODIGO, VALOR, VALOR_JDE) VALUES ('9750','YEMEN SUR REP', '-');
INSERT INTO FEL_SV_TBL_PAIS (CODIGO, VALOR, VALOR_JDE) VALUES ('9756','YUGOSLAVIA', '-');
INSERT INTO FEL_SV_TBL_PAIS (CODIGO, VALOR, VALOR_JDE) VALUES ('9758','ZAIRE', '-');
INSERT INTO FEL_SV_TBL_PAIS (CODIGO, VALOR, VALOR_JDE) VALUES ('9759','ZAMBIA', '-');
INSERT INTO FEL_SV_TBL_PAIS (CODIGO, VALOR, VALOR_JDE) VALUES ('9760','ZIMBABWE', '-');
INSERT INTO FEL_SV_TBL_PAIS (CODIGO, VALOR, VALOR_JDE) VALUES ('9850','PUERTO RICO', '-');
INSERT INTO FEL_SV_TBL_PAIS (CODIGO, VALOR, VALOR_JDE) VALUES ('9862','BAHAMAS', '-');
INSERT INTO FEL_SV_TBL_PAIS (CODIGO, VALOR, VALOR_JDE) VALUES ('9863','BERMUDAS', '-');
INSERT INTO FEL_SV_TBL_PAIS (CODIGO, VALOR, VALOR_JDE) VALUES ('9865','MARTINICA', '-');
INSERT INTO FEL_SV_TBL_PAIS (CODIGO, VALOR, VALOR_JDE) VALUES ('9886','NUEVA GUINEA', '-');
INSERT INTO FEL_SV_TBL_PAIS (CODIGO, VALOR, VALOR_JDE) VALUES ('9898','ANT HOLANDESAS', '-');
INSERT INTO FEL_SV_TBL_PAIS (CODIGO, VALOR, VALOR_JDE) VALUES ('9899','TAIWAN', '-');
INSERT INTO FEL_SV_TBL_PAIS (CODIGO, VALOR, VALOR_JDE) VALUES ('9897','ISLAS VIRGENES BRITANICAS', '-');
INSERT INTO FEL_SV_TBL_PAIS (CODIGO, VALOR, VALOR_JDE) VALUES ('9887','ISLAS GRAN CAIMAN', '-');
INSERT INTO FEL_SV_TBL_PAIS (CODIGO, VALOR, VALOR_JDE) VALUES ('9571','MACEDONIA', '-');
INSERT INTO FEL_SV_TBL_PAIS (CODIGO, VALOR, VALOR_JDE) VALUES ('9300','EL SALVADOR', 'SV');
INSERT INTO FEL_SV_TBL_PAIS (CODIGO, VALOR, VALOR_JDE) VALUES ('9369','BULGARIA', '-');
INSERT INTO FEL_SV_TBL_PAIS (CODIGO, VALOR, VALOR_JDE) VALUES ('9439','DJIBOUTI', '-');
INSERT INTO FEL_SV_TBL_PAIS (CODIGO, VALOR, VALOR_JDE) VALUES ('9510','INDIA', '-');
INSERT INTO FEL_SV_TBL_PAIS (CODIGO, VALOR, VALOR_JDE) VALUES ('9579','MALI', '-');
INSERT INTO FEL_SV_TBL_PAIS (CODIGO, VALOR, VALOR_JDE) VALUES ('9654','PORTUGAL', '-');
INSERT INTO FEL_SV_TBL_PAIS (CODIGO, VALOR, VALOR_JDE) VALUES ('9711','TAILANDIA', '-');
INSERT INTO FEL_SV_TBL_PAIS (CODIGO, VALOR, VALOR_JDE) VALUES ('9736','UCRANIA', '-');
INSERT INTO FEL_SV_TBL_PAIS (CODIGO, VALOR, VALOR_JDE) VALUES ('9737','UZBEKISTAN', '-');
INSERT INTO FEL_SV_TBL_PAIS (CODIGO, VALOR, VALOR_JDE) VALUES ('9640','PALESTINA', '-');
INSERT INTO FEL_SV_TBL_PAIS (CODIGO, VALOR, VALOR_JDE) VALUES ('9641','CROACIA', '-');
INSERT INTO FEL_SV_TBL_PAIS (CODIGO, VALOR, VALOR_JDE) VALUES ('9673','REPUBLICA DE ARMENIA', '-');
INSERT INTO FEL_SV_TBL_PAIS (CODIGO, VALOR, VALOR_JDE) VALUES ('9472','GEORGIA', '-');
INSERT INTO FEL_SV_TBL_PAIS (CODIGO, VALOR, VALOR_JDE) VALUES ('9311','ALEMANIA', '-');
INSERT INTO FEL_SV_TBL_PAIS (CODIGO, VALOR, VALOR_JDE) VALUES ('9733','RUSIA', '-');
INSERT INTO FEL_SV_TBL_PAIS (CODIGO, VALOR, VALOR_JDE) VALUES ('9541','KASAKISTAN', '-');
INSERT INTO FEL_SV_TBL_PAIS (CODIGO, VALOR, VALOR_JDE) VALUES ('9746','VIETNAM', '-');
INSERT INTO FEL_SV_TBL_PAIS (CODIGO, VALOR, VALOR_JDE) VALUES ('9551','LETONIA', '-');
INSERT INTO FEL_SV_TBL_PAIS (CODIGO, VALOR, VALOR_JDE) VALUES ('9451','ESLOVENIA', '-');
INSERT INTO FEL_SV_TBL_PAIS (CODIGO, VALOR, VALOR_JDE) VALUES ('9338','AZERBAIYAN', '-');
INSERT INTO FEL_SV_TBL_PAIS (CODIGO, VALOR, VALOR_JDE) VALUES ('9353','BIELORRUSIA', '-');
INSERT INTO FEL_SV_TBL_PAIS (CODIGO, VALOR, VALOR_JDE) VALUES ('9482','GROENLANDIA', '-');
INSERT INTO FEL_SV_TBL_PAIS (CODIGO, VALOR, VALOR_JDE) VALUES ('9494','GUINEA-BISSAU', '-');
INSERT INTO FEL_SV_TBL_PAIS (CODIGO, VALOR, VALOR_JDE) VALUES ('9524','ISLA DE COCOS', '-');
INSERT INTO FEL_SV_TBL_PAIS (CODIGO, VALOR, VALOR_JDE) VALUES ('9304','ALAND', '-');
INSERT INTO FEL_SV_TBL_PAIS (CODIGO, VALOR, VALOR_JDE) VALUES ('9332','ARUBA', '-');
INSERT INTO FEL_SV_TBL_PAIS (CODIGO, VALOR, VALOR_JDE) VALUES ('9454','ERITREA', '-');
INSERT INTO FEL_SV_TBL_PAIS (CODIGO, VALOR, VALOR_JDE) VALUES ('9457','ESTONIA', '-');
INSERT INTO FEL_SV_TBL_PAIS (CODIGO, VALOR, VALOR_JDE) VALUES ('9489','GUADALUPE', '-');
INSERT INTO FEL_SV_TBL_PAIS (CODIGO, VALOR, VALOR_JDE) VALUES ('9491','GUAYANA FRANCESA', '-');
INSERT INTO FEL_SV_TBL_PAIS (CODIGO, VALOR, VALOR_JDE) VALUES ('9492','GUERNSEY', '-');
INSERT INTO FEL_SV_TBL_PAIS (CODIGO, VALOR, VALOR_JDE) VALUES ('9523','ISLA DE NAVIDAD', '-');
INSERT INTO FEL_SV_TBL_PAIS (CODIGO, VALOR, VALOR_JDE) VALUES ('9530','ISLAS AZORES', '-');
INSERT INTO FEL_SV_TBL_PAIS (CODIGO, VALOR, VALOR_JDE) VALUES ('9532','ISLA QESHM', '-');
INSERT INTO FEL_SV_TBL_PAIS (CODIGO, VALOR, VALOR_JDE) VALUES ('9535','ISLAS MARIANAS DEL NORTE', '-');
INSERT INTO FEL_SV_TBL_PAIS (CODIGO, VALOR, VALOR_JDE) VALUES ('9542','ISLAS ULTRAMARINAS DE EE UU', '-');
INSERT INTO FEL_SV_TBL_PAIS (CODIGO, VALOR, VALOR_JDE) VALUES ('9547','JERSEY', '-');
INSERT INTO FEL_SV_TBL_PAIS (CODIGO, VALOR, VALOR_JDE) VALUES ('9548','KIRGUISTAN', '-');
INSERT INTO FEL_SV_TBL_PAIS (CODIGO, VALOR, VALOR_JDE) VALUES ('9574','MALI', '-');
INSERT INTO FEL_SV_TBL_PAIS (CODIGO, VALOR, VALOR_JDE) VALUES ('9598','MAYOTTE', '-');
INSERT INTO FEL_SV_TBL_PAIS (CODIGO, VALOR, VALOR_JDE) VALUES ('9602','MOLDAVIA', '-');
INSERT INTO FEL_SV_TBL_PAIS (CODIGO, VALOR, VALOR_JDE) VALUES ('9607','MONTENEGRO', '-');
INSERT INTO FEL_SV_TBL_PAIS (CODIGO, VALOR, VALOR_JDE) VALUES ('9608','MONSERRAT', '-');
INSERT INTO FEL_SV_TBL_PAIS (CODIGO, VALOR, VALOR_JDE) VALUES ('9623','NORFOLK', '-');
INSERT INTO FEL_SV_TBL_PAIS (CODIGO, VALOR, VALOR_JDE) VALUES ('9652','POLINESIA FRANCESA', '-');
INSERT INTO FEL_SV_TBL_PAIS (CODIGO, VALOR, VALOR_JDE) VALUES ('9692','SVALBARD Y JAN MAYEN', '-');
INSERT INTO FEL_SV_TBL_PAIS (CODIGO, VALOR, VALOR_JDE) VALUES ('9709','TAYIKISTAN', '-');
INSERT INTO FEL_SV_TBL_PAIS (CODIGO, VALOR, VALOR_JDE) VALUES ('9712','TERRITORIO BRITANICO DEL OCEANO INDICO', '-');
INSERT INTO FEL_SV_TBL_PAIS (CODIGO, VALOR, VALOR_JDE) VALUES ('9716','TIMOR ORIENTAL', '-');
INSERT INTO FEL_SV_TBL_PAIS (CODIGO, VALOR, VALOR_JDE) VALUES ('9718','TOKELAU', '-');
INSERT INTO FEL_SV_TBL_PAIS (CODIGO, VALOR, VALOR_JDE) VALUES ('9719','TURKMENISTAN', '-');
INSERT INTO FEL_SV_TBL_PAIS (CODIGO, VALOR, VALOR_JDE) VALUES ('9751','YIBUTI', '-');
INSERT INTO FEL_SV_TBL_PAIS (CODIGO, VALOR, VALOR_JDE) VALUES ('9452','WALLIS Y FUTUNA', '-');
INSERT INTO FEL_SV_TBL_PAIS (CODIGO, VALOR, VALOR_JDE) VALUES ('9901','NEVADA (USA)', '-');
INSERT INTO FEL_SV_TBL_PAIS (CODIGO, VALOR, VALOR_JDE) VALUES ('9902','WYOMING (USA)', '-');
INSERT INTO FEL_SV_TBL_PAIS (CODIGO, VALOR, VALOR_JDE) VALUES ('9903','CAMPIONE DITALIA, ITALIA', '-');
INSERT INTO FEL_SV_TBL_PAIS (CODIGO, VALOR, VALOR_JDE) VALUES ('9664','REPUBLICA CHECA', '-');
INSERT INTO FEL_SV_TBL_PAIS (CODIGO, VALOR, VALOR_JDE) VALUES ('9415','CURAZAO', '-');
INSERT INTO FEL_SV_TBL_PAIS (CODIGO, VALOR, VALOR_JDE) VALUES ('9904','FLORIDA (USA)', '-');
INSERT INTO FEL_SV_TBL_PAIS (CODIGO, VALOR, VALOR_JDE) VALUES ('9514','INGLATERRA Y GALES', '-');
INSERT INTO FEL_SV_TBL_PAIS (CODIGO, VALOR, VALOR_JDE) VALUES ('9906','TEXAS (USA)', '-');
INSERT INTO FEL_SV_TBL_PAIS (CODIGO, VALOR, VALOR_JDE) VALUES ('9359','BOSNIA Y HERZEGOVINA', '-');
INSERT INTO FEL_SV_TBL_PAIS (CODIGO, VALOR, VALOR_JDE) VALUES ('9493','GUINEA ECUATORIAL', '-');
INSERT INTO FEL_SV_TBL_PAIS (CODIGO, VALOR, VALOR_JDE) VALUES ('9521','ISLA DE MAN', '-');
INSERT INTO FEL_SV_TBL_PAIS (CODIGO, VALOR, VALOR_JDE) VALUES ('9533','ISLAS MALVINAS', '-');
INSERT INTO FEL_SV_TBL_PAIS (CODIGO, VALOR, VALOR_JDE) VALUES ('9538','ISLAS PITCAIM', '-');
INSERT INTO FEL_SV_TBL_PAIS (CODIGO, VALOR, VALOR_JDE) VALUES ('9689','SERBIA', '-');
INSERT INTO FEL_SV_TBL_PAIS (CODIGO, VALOR, VALOR_JDE) VALUES ('9713','TERRITORIOS AUSTRALES FRANCESES', '-');
INSERT INTO FEL_SV_TBL_PAIS (CODIGO, VALOR, VALOR_JDE) VALUES ('9449','ESLOVAQUIA', '-');
INSERT INTO FEL_SV_TBL_PAIS (CODIGO, VALOR, VALOR_JDE) VALUES ('9888','SAN MAARTEN', '-');
INSERT INTO FEL_SV_TBL_PAIS (CODIGO, VALOR, VALOR_JDE) VALUES ('9490','GUAM', '-');
INSERT INTO FEL_SV_TBL_PAIS (CODIGO, VALOR, VALOR_JDE) VALUES ('9527','ISLAS COOK', '-');
INSERT INTO FEL_SV_TBL_PAIS (CODIGO, VALOR, VALOR_JDE) VALUES ('9529','ISLAS FEROE', '-');
INSERT INTO FEL_SV_TBL_PAIS (CODIGO, VALOR, VALOR_JDE) VALUES ('9536','ISLAS MARSHALL', '-');
INSERT INTO FEL_SV_TBL_PAIS (CODIGO, VALOR, VALOR_JDE) VALUES ('9545','ISLAS VIRGENES ESTADOUNIDENSES', '-');
INSERT INTO FEL_SV_TBL_PAIS (CODIGO, VALOR, VALOR_JDE) VALUES ('9568','MACAO', '-');
INSERT INTO FEL_SV_TBL_PAIS (CODIGO, VALOR, VALOR_JDE) VALUES ('9610','NAMIBIA', '-');
INSERT INTO FEL_SV_TBL_PAIS (CODIGO, VALOR, VALOR_JDE) VALUES ('9622','NIUE', '-');
INSERT INTO FEL_SV_TBL_PAIS (CODIGO, VALOR, VALOR_JDE) VALUES ('9643','PALAOS', '-');
INSERT INTO FEL_SV_TBL_PAIS (CODIGO, VALOR, VALOR_JDE) VALUES ('9667','REUNION', '-');
INSERT INTO FEL_SV_TBL_PAIS (CODIGO, VALOR, VALOR_JDE) VALUES ('9676','SAHARA OCCIDENTAL', '-');
INSERT INTO FEL_SV_TBL_PAIS (CODIGO, VALOR, VALOR_JDE) VALUES ('9685','SAMOA AMERICANA', '-');
INSERT INTO FEL_SV_TBL_PAIS (CODIGO, VALOR, VALOR_JDE) VALUES ('9686','SAN PEDRO Y MIQUELON', '-');
INSERT INTO FEL_SV_TBL_PAIS (CODIGO, VALOR, VALOR_JDE) VALUES ('9688','SANTA ELENA', '-');
INSERT INTO FEL_SV_TBL_PAIS (CODIGO, VALOR, VALOR_JDE) VALUES ('9715','TERRITORIOS PALESTINOS', '-');
INSERT INTO FEL_SV_TBL_PAIS (CODIGO, VALOR, VALOR_JDE) VALUES ('9900','DELAWARE (USA)', '-');
INSERT INTO FEL_SV_TBL_PAIS (CODIGO, VALOR, VALOR_JDE) VALUES ('9371','BURKINA FASO', '-');
INSERT INTO FEL_SV_TBL_PAIS (CODIGO, VALOR, VALOR_JDE) VALUES ('9376','CABINDA', '-');
INSERT INTO FEL_SV_TBL_PAIS (CODIGO, VALOR, VALOR_JDE) VALUES ('9907','WASHINGTON (USA)', '-');

INSERT INTO FEL_SV_TBL_EMISOR (NIT,NRC,NUMFACTURADOR,NOMBRE,ID_ACTIVIDAD_ECONOMICA_1,ID_ACTIVIDAD_ECONOMICA_2,NOMBRECOMERCIAL,ID_DEPARTAMENTO,ID_MUNICIPIO,DIRECCION_COMPLEMENTO,TELEFONO,CORREO,ID_CATEGORIA_CONTRIBUYENTE,FECSUJEXCL,MEDICO_NOMBRE,MEDICO_NIT,MEDICO_DOCIDENIFICACION,MEDICO_TIPOSERVICIO,CARTAVENTA,NOMBENTREGA,DOCUENTREGA,CODEMPLEADO,NOMBRECIBE,DOCURECIBE) 
VALUES ('06140404600015','809','051000006','UNO EL SALVADOR, SOCIEDAD ANONIMA.',468,NULL,'UNO EL SALVADOR, SOCIEDAD ANONIMA.',5,76,'AV. ALBERT EINSTEIN Y BLVD LOS PROCERES, URB. LOMAS DE SAN FRANCISCO, # 1, TORRE CUSCATLAN, NIVEL 15, ANTGO CUSCATLAN, LA LIBERTAD.','25288000','replegal-unosv@uno-terra.com',1,NULL,NULL,NULL,NULL,NULL,NULL);

INSERT INTO FEL_SV_TBL_EMISOR_KCOO (ID_EMISOR,KCOO_JDE) VALUES (1,'00725');
INSERT INTO FEL_SV_TBL_EMISOR_KCOO (ID_EMISOR,KCOO_JDE) VALUES (1,'00726');
INSERT INTO FEL_SV_TBL_EMISOR_KCOO (ID_EMISOR,KCOO_JDE) VALUES (1,'00727');
INSERT INTO FEL_SV_TBL_EMISOR_KCOO (ID_EMISOR,KCOO_JDE) VALUES (1,'00728');
INSERT INTO FEL_SV_TBL_EMISOR_KCOO (ID_EMISOR,KCOO_JDE) VALUES (1,'00732');
INSERT INTO FEL_SV_TBL_EMISOR_KCOO (ID_EMISOR,KCOO_JDE) VALUES (1,'00733');

INSERT INTO FEL_SV_TBL_EMISOR_ESTABLECIMIENTO (ID_EMISOR,ID_TIPO_ESTABLECIMIENTO,NOMBRE,CODIGO,PUNTOVENTA,ID_DEPARTAMENTO,ID_MUNICIPIO,DIRECCION_COMPLEMENTO,TELEFONO,MCU_JDE,CORRELATIVO_CCF,CORRELATIVO_NC,CORRELATIVO_ND,CORRELATIVO_NR)
VALUES (1,1,'UNO EL SALVADOR, SOCIEDAD ANONIMA (CASA MATRIZ).','00','001',5,76,'AV. ALBERT EINSTEIN Y BLVD LOS PROCERES, URB. LOMAS DE SAN FRANCISCO, # 1, TORRE CUSCATLAN, NIVEL 15, ANTGO CUSCATLAN, LA LIBERTAD.','25288000','728017,728016,728005,728012,728003,783501',1,1,1,1);

DROP TABLE FEL_SV_TBL_APENDICE;
DROP TABLE FEL_SV_TBL_EXTENSION;
DROP TABLE FEL_SV_TBL_RESUMEN;
DROP TABLE FEL_SV_TBL_CUERPO_DOCUMENTO_TRIBUTO;
DROP TABLE FEL_SV_TBL_CUERPO_DOCUMENTO;
DROP TABLE FEL_SV_TBL_VENTA_TERCERO;
DROP TABLE FEL_SV_TBL_RECEPTOR;
DROP TABLE FEL_SV_TBL_DOCUMENTOS_RELACIONADOS;
DROP TABLE FEL_SV_TBL_IDENTIFICACION;
DROP TABLE FEL_SV_TBL_DTE;


CREATE TABLE FEL_SV_TBL_DTE (
    ID_DTE NUMBER(13,0) NOT NULL,
    KCOO_JDE VARCHAR2(20 BYTE) NOT NULL,
    MCU_JDE VARCHAR2(20 BYTE) NOT NULL,
    DOCO_JDE VARCHAR2(20 BYTE) NOT NULL,
    DCTO_JDE VARCHAR2(20 BYTE) NOT NULL,
    DOC_JDE VARCHAR2(20 BYTE) NOT NULL,
    DCT_JDE VARCHAR2(20 BYTE) NOT NULL,
    AN8_JDE VARCHAR2(20 BYTE) NOT NULL,
    SHAN_JDE VARCHAR2(20 BYTE) NOT NULL,
    CRCD_JDE VARCHAR2(20 BYTE) NOT NULL,
    IVD_JDE VARCHAR2(14 BYTE) NOT NULL,
    ID_EMISOR NUMBER(13,0) NOT NULL,
    RESPONSE_VERSION NUMBER(4,0),
    RESPONSE_AMBIENTE VARCHAR2(100 BYTE),
    RESPONSE_VERSIONAPP NUMBER(4,0),
    RESPONSE_ESTADO VARCHAR2(100 BYTE),
    RESPONSE_CODIGOGENERACION VARCHAR2(100 BYTE),
    RESPONSE_NUMVALIDACION VARCHAR2(100 BYTE),
    RESPONSE_FHPROCESAMIENTO VARCHAR2(100 BYTE),
    RESPONSE_CODIGOMSG VARCHAR2(100 BYTE),
    RESPONSE_DESCRIPCIONMSG VARCHAR2(1000 BYTE),
    RESPONSE_OBSERVACIONES VARCHAR2(2000 BYTE),
    CONSTRAINT PK_FEL_SV_TBL_DTE PRIMARY KEY (ID_DTE),
    CONSTRAINT FK_FEL_SV_TBL_DTE_1 FOREIGN KEY (ID_EMISOR) REFERENCES FEL_SV_TBL_EMISOR (ID_EMISOR)
);
CREATE TABLE FEL_SV_TBL_IDENTIFICACION (
    ID_DTE NUMBER(13,0) NOT NULL,
    ID_IDENTIFICACION NUMBER(13,0) NOT NULL,
    DTE_VERSION NUMBER(2,0) NOT NULL,
    ID_AMBIENTE_DESTINO NUMBER(13,0) NOT NULL,
    ID_TIPO_DOCUMENTO NUMBER(13,0) NOT NULL,
    NUMEROCONTROL VARCHAR2(28 BYTE) NOT NULL,
    CODIGOGENERACION VARCHAR2(36 BYTE) NOT NULL,
    ID_MODELO_FACTURACION NUMBER(13,0) NOT NULL,
    ID_TIPO_TRANSMISION NUMBER(13,0) NOT NULL,
    ID_TIPO_CONTINGENCIA NUMBER(13,0),
    MOTIVOCONTIN VARCHAR2(150 BYTE),
    FECEMI VARCHAR2(10 BYTE) NOT NULL,
    HOREMI VARCHAR2(8 BYTE) NOT NULL,
    TIPOMONEDA VARCHAR2(3 BYTE) NOT NULL,
    CONSTRAINT PK_FEL_SV_TBL_IDENTIFICACION PRIMARY KEY (ID_DTE, ID_IDENTIFICACION),
    CONSTRAINT FK_FEL_SV_TBL_IDENTIFICACION_1 FOREIGN KEY (ID_DTE) REFERENCES FEL_SV_TBL_DTE (ID_DTE),
    CONSTRAINT FK_FEL_SV_TBL_IDENTIFICACION_2 FOREIGN KEY (ID_AMBIENTE_DESTINO) REFERENCES FEL_SV_TBL_AMBIENTE_DESTINO (ID_AMBIENTE_DESTINO),
    CONSTRAINT FK_FEL_SV_TBL_IDENTIFICACION_3 FOREIGN KEY (ID_TIPO_DOCUMENTO) REFERENCES FEL_SV_TBL_TIPO_DOCUMENTO (ID_TIPO_DOCUMENTO),
    CONSTRAINT FK_FEL_SV_TBL_IDENTIFICACION_4 FOREIGN KEY (ID_MODELO_FACTURACION) REFERENCES FEL_SV_TBL_MODELO_FACTURACION (ID_MODELO_FACTURACION),
    CONSTRAINT FK_FEL_SV_TBL_IDENTIFICACION_5 FOREIGN KEY (ID_TIPO_TRANSMISION) REFERENCES FEL_SV_TBL_TIPO_TRANSMISION (ID_TIPO_TRANSMISION),
    CONSTRAINT FK_FEL_SV_TBL_IDENTIFICACION_6 FOREIGN KEY (ID_TIPO_CONTINGENCIA) REFERENCES FEL_SV_TBL_TIPO_CONTINGENCIA (ID_TIPO_CONTINGENCIA)
);
CREATE TABLE FEL_SV_TBL_DOCUMENTOS_RELACIONADOS (
    ID_DTE NUMBER(13,0) NOT NULL,
    ID_DOCUMENTOS_RELACIONADOS NUMBER(13,0) NOT NULL,
    ID_TIPO_RELACION_DOCUMENTO NUMBER(13,0) NOT NULL,
    ID_TIPO_DOCUMENTO NUMBER(13,0) NOT NULL,
    ID_TIPO_GENERACION_DOCUMENTO NUMBER(13,0) NOT NULL,
    CODIGOGENERACION VARCHAR2(36 BYTE) NOT NULL,
    NUMEROCORRELATIVO VARCHAR2(20 BYTE) NOT NULL,
    FECHAEMISION DATE NOT NULL,
    CONSTRAINT PK_FEL_SV_TBL_DOCUMENTOS_RELACIONADOS PRIMARY KEY (ID_DTE, ID_DOCUMENTOS_RELACIONADOS),
    CONSTRAINT FK_FEL_SV_TBL_DOCUMENTOS_RELACIONADOS_1 FOREIGN KEY (ID_DTE) REFERENCES FEL_SV_TBL_DTE (ID_DTE),
    CONSTRAINT FK_FEL_SV_TBL_DOCUMENTOS_RELACIONADOS_2 FOREIGN KEY (ID_TIPO_RELACION_DOCUMENTO) REFERENCES FEL_SV_TBL_TIPO_RELACION_DOCUMENTO (ID_TIPO_RELACION_DOCUMENTO),
    CONSTRAINT FK_FEL_SV_TBL_DOCUMENTOS_RELACIONADOS_3 FOREIGN KEY (ID_TIPO_DOCUMENTO) REFERENCES FEL_SV_TBL_TIPO_DOCUMENTO (ID_TIPO_DOCUMENTO),
    CONSTRAINT FK_FEL_SV_TBL_DOCUMENTOS_RELACIONADOS_4 FOREIGN KEY (ID_TIPO_GENERACION_DOCUMENTO) REFERENCES FEL_SV_TBL_TIPO_GENERACION_DOCUMENTO (ID_TIPO_GENERACION_DOCUMENTO)
);
CREATE TABLE FEL_SV_TBL_RECEPTOR (
    ID_DTE NUMBER(13,0) NOT NULL,
    ID_RECEPTOR NUMBER(13,0) NOT NULL,
    ID_TIPO_DOCUMENTO_RECEPTOR NUMBER(13,0),
    NUMDOCUMENTONR VARCHAR2(20 BYTE),
    NIT VARCHAR2(14 BYTE) NOT NULL,
    NRC VARCHAR2(8 BYTE) NOT NULL,
    NUMFACTURADOR VARCHAR2(9 BYTE),
    NOMBRE VARCHAR2(200 BYTE) NOT NULL,
    ID_ACTIVIDAD_ECONOMICA NUMBER(13,0) NOT NULL,
    NOMBRECOMERCIAL VARCHAR2(150 BYTE) NOT NULL,
    ID_DEPARTAMENTO NUMBER(13,0) NOT NULL,
    ID_MUNICIPIO NUMBER(13,0) NOT NULL,
    DIRECCION_COMPLEMENTO VARCHAR2(200 BYTE) NOT NULL,
    ID_CATEGORIA_CONTRIBUYENTE NUMBER(13,0) NOT NULL,
    TELEFONO VARCHAR2(8 BYTE) NOT NULL,
    CORREO VARCHAR2(100 BYTE) NOT NULL,
    FECSUJEXCL VARCHAR2(10 BYTE),
    NUMEXENCION VARCHAR2(50 BYTE),
    BIENTITULO VARCHAR2(2 BYTE),
    CONSTRAINT PK_FEL_SV_TBL_RECEPTOR PRIMARY KEY (ID_DTE, ID_RECEPTOR),
    CONSTRAINT FK_FEL_SV_TBL_RECEPTOR_1 FOREIGN KEY (ID_DTE) REFERENCES FEL_SV_TBL_DTE (ID_DTE),
    CONSTRAINT FK_FEL_SV_TBL_RECEPTOR_2 FOREIGN KEY (ID_ACTIVIDAD_ECONOMICA) REFERENCES FEL_SV_TBL_ACTIVIDAD_ECONOMICA (ID_ACTIVIDAD_ECONOMICA),
    CONSTRAINT FK_FEL_SV_TBL_RECEPTOR_3 FOREIGN KEY (ID_DEPARTAMENTO) REFERENCES FEL_SV_TBL_DEPARTAMENTO (ID_DEPARTAMENTO),
    CONSTRAINT FK_FEL_SV_TBL_RECEPTOR_4 FOREIGN KEY (ID_MUNICIPIO) REFERENCES FEL_SV_TBL_MUNICIPIO (ID_MUNICIPIO),
    CONSTRAINT FK_FEL_SV_TBL_RECEPTOR_5 FOREIGN KEY (ID_CATEGORIA_CONTRIBUYENTE) REFERENCES FEL_SV_TBL_CATEGORIA_CONTRIBUYENTE (ID_CATEGORIA_CONTRIBUYENTE),
    CONSTRAINT FK_FEL_SV_TBL_RECEPTOR_6 FOREIGN KEY (ID_TIPO_DOCUMENTO_RECEPTOR) REFERENCES FEL_SV_TBL_TIPO_DOCUMENTO_RECEPTOR (ID_TIPO_DOCUMENTO_RECEPTOR)
);
CREATE TABLE FEL_SV_TBL_VENTA_TERCERO (
    ID_DTE NUMBER(13,0) NOT NULL,
    ID_VENTA_TERCERO NUMBER(13,0) NOT NULL,
    NIT VARCHAR2(14 BYTE) NOT NULL,
    NOMBRE VARCHAR2(200 BYTE) NOT NULL,
    CONSTRAINT PK_FEL_SV_TBL_VENTA_TERCERO PRIMARY KEY (ID_DTE, ID_VENTA_TERCERO),
    CONSTRAINT FK_FEL_SV_TBL_VENTA_TERCERO_1 FOREIGN KEY (ID_DTE) REFERENCES FEL_SV_TBL_DTE (ID_DTE)
);
CREATE TABLE FEL_SV_TBL_CUERPO_DOCUMENTO (
    ID_DTE NUMBER(13,0) NOT NULL,
    ID_CUERPO_DOCUMENTO NUMBER(13,0) NOT NULL,
    ID_BIEN_SERVICIO NUMBER(13,0) NOT NULL,
    CANTIDAD NUMBER(19,8) NOT NULL,
    CODIGO VARCHAR2(25 BYTE) NOT NULL,
    ID_UNIDAD_MEDIDA NUMBER(13,0) NOT NULL,
    DESCRIPCION VARCHAR2(1000 BYTE) NOT NULL,
    PRECIOUNI NUMBER(19,8) NOT NULL,
    MONTODESCU NUMBER(19,8) NOT NULL,
    VENTANOSUJ NUMBER(19,8) NOT NULL,
    VENTAEXENTA NUMBER(19,8) NOT NULL,
    VENTAGRAVADA NUMBER(19,8) NOT NULL,
    PSV NUMBER(19,8) NOT NULL,
    DIFERENCIAL NUMBER(19,8) NOT NULL,
    NOGRAVADO NUMBER(19,8) NOT NULL,
    CONSTRAINT PK_FEL_SV_TBL_CUERPO_DOCUMENTO PRIMARY KEY (ID_DTE, ID_CUERPO_DOCUMENTO),
    CONSTRAINT FK_FEL_SV_TBL_CUERPO_DOCUMENTO_1 FOREIGN KEY (ID_DTE) REFERENCES FEL_SV_TBL_DTE (ID_DTE),
    CONSTRAINT FK_FEL_SV_TBL_CUERPO_DOCUMENTO_2 FOREIGN KEY (ID_BIEN_SERVICIO) REFERENCES FEL_SV_TBL_BIEN_SERVICIO (ID_BIEN_SERVICIO),
    CONSTRAINT FK_FEL_SV_TBL_CUERPO_DOCUMENTO_3 FOREIGN KEY (ID_UNIDAD_MEDIDA) REFERENCES FEL_SV_TBL_UNIDAD_MEDIDA (ID_UNIDAD_MEDIDA)
);
CREATE TABLE FEL_SV_TBL_CUERPO_DOCUMENTO_TRIBUTO (
    ID_DTE NUMBER(13,0) NOT NULL,
    ID_CUERPO_DOCUMENTO NUMBER(13,0) NOT NULL,
    NUM_TRIBUTO NUMBER(4,0) NOT NULL,
    ID_TRIBUTO NUMBER(2,0) NOT NULL,
    CONSTRAINT PK_FEL_SV_TBL_CUERPO_DOCUMENTO_TRIBUTO PRIMARY KEY (ID_DTE, ID_CUERPO_DOCUMENTO, NUM_TRIBUTO),
    CONSTRAINT FK_FEL_SV_TBL_CUERPO_DOCUMENTO_TRIBUTO_1 FOREIGN KEY (ID_DTE, ID_CUERPO_DOCUMENTO) REFERENCES FEL_SV_TBL_CUERPO_DOCUMENTO (ID_DTE, ID_CUERPO_DOCUMENTO),
    CONSTRAINT FK_FEL_SV_TBL_CUERPO_DOCUMENTO_TRIBUTO_2 FOREIGN KEY (ID_TRIBUTO) REFERENCES FEL_SV_TBL_TRIBUTO (ID_TRIBUTO)
);
CREATE TABLE FEL_SV_TBL_RESUMEN (
    ID_DTE NUMBER(13,0) NOT NULL,
    ID_RESUMEN NUMBER(13,0) NOT NULL,
    TOTALNOSUJ NUMBER(19,2) NOT NULL,
    TOTALEXENTA NUMBER(19,2) NOT NULL,
    TOTALGRAVADA NUMBER(19,2) NOT NULL,
    SUBTOTALVENTAS NUMBER(19,2) NOT NULL,
    PORCENTAJEDESCUENTO NUMBER(2,0) NOT NULL,
    DESCUENTO NUMBER(19,2) NOT NULL,
    TOTALIVA NUMBER(19,2) NOT NULL,
    SUBTOTAL NUMBER(19,2) NOT NULL,
    IVAPERCI1 NUMBER(19,2) NOT NULL,
    IVARETE1 NUMBER(19,2) NOT NULL,
    FOVIAL NUMBER(19,2) NOT NULL,
    COTRANS NUMBER(19,2) NOT NULL,
    TURISMO NUMBER(19,2) NOT NULL,
    ADVALOREM NUMBER(19,2) NOT NULL,
    MONTOTOTALOPERACION NUMBER(19,2) NOT NULL,
    TOTALNOGRAVADO NUMBER(19,2) NOT NULL,
    TOTALPAGAR NUMBER(19,2) NOT NULL,
    TOTALLETRAS VARCHAR2(200 BYTE) NOT NULL,
    SALDOFAVOR NUMBER(19,2) NOT NULL,
    ID_CONDICION_OPERACION NUMBER(13,0) NOT NULL,
    ID_FORMA_PAGO NUMBER(13,0) NOT NULL,
    PAGOS_REFERENCIA VARCHAR2(50 BYTE),
    ID_PLAZO NUMBER(13,0) NOT NULL,
    PAGOS_PERIODO NUMBER(3,0) NOT NULL,
    NUMPAGOELECTRONICO VARCHAR2(100 BYTE),
    CONSTRAINT PK_FEL_SV_TBL_RESUMEN PRIMARY KEY (ID_DTE, ID_RESUMEN),
    CONSTRAINT FK_FEL_SV_TBL_RESUMEN_1 FOREIGN KEY (ID_DTE) REFERENCES FEL_SV_TBL_DTE (ID_DTE),
    CONSTRAINT FK_FEL_SV_TBL_RESUMEN_2 FOREIGN KEY (ID_CONDICION_OPERACION) REFERENCES FEL_SV_TBL_CONDICION_OPERACION (ID_CONDICION_OPERACION),
    CONSTRAINT FK_FEL_SV_TBL_RESUMEN_3 FOREIGN KEY (ID_FORMA_PAGO) REFERENCES FEL_SV_TBL_FORMA_PAGO (ID_FORMA_PAGO),
    CONSTRAINT FK_FEL_SV_TBL_RESUMEN_4 FOREIGN KEY (ID_PLAZO) REFERENCES FEL_SV_TBL_PLAZO (ID_PLAZO)
);
CREATE TABLE FEL_SV_TBL_EXTENSION (
    ID_DTE NUMBER(13,0) NOT NULL,
    ID_EXTENSION NUMBER(13,0) NOT NULL,
    TOTALITEMS NUMBER(11,2) NOT NULL,
    TOTALDESCU NUMBER(11,2),
    NOMBENTREGA VARCHAR2(100 BYTE),
    DOCUENTREGA VARCHAR2(25 BYTE),
    CODEMPLEADO VARCHAR2(15 BYTE),
    NOMBRECIBE VARCHAR2(100 BYTE),
    DOCURECIBE VARCHAR2(25 BYTE),
    OBSERVACIONES VARCHAR2(2000 BYTE),
    PLACAVEHICULO VARCHAR2(15 BYTE),
    AUTOFITOSANITARIA VARCHAR2(50 BYTE),
    CONSTRAINT PK_FEL_SV_TBL_EXTENSION PRIMARY KEY (ID_DTE, ID_EXTENSION),
    CONSTRAINT FK_FEL_SV_TBL_EXTENSION_1 FOREIGN KEY (ID_DTE) REFERENCES FEL_SV_TBL_DTE (ID_DTE)
);
CREATE TABLE FEL_SV_TBL_APENDICE (
    ID_DTE NUMBER(13,0) NOT NULL,
    ID_APENDICE NUMBER(13,0) NOT NULL,
    ITEM VARCHAR2(2000 BYTE) NOT NULL,
    CONSTRAINT PK_FEL_SV_TBL_APENDICE PRIMARY KEY (ID_DTE, ID_APENDICE),
    CONSTRAINT FK_FEL_SV_TBL_APENDICE_1 FOREIGN KEY (ID_DTE) REFERENCES FEL_SV_TBL_DTE (ID_DTE)
);

COMMIT;
